76,87,97,106,114
41.01541646321675,36.781461842854696,526.452572413853,1246.5136355775776,46.13603809901724
44.382898394265794,40.61226966164395,38.62014827728308,48.53697488958096,1885.732841152616
65.7239990234375,1708.0434088273487,48.120529429117596,1646.6184264329768,47.42681884765625
36.97416548465117,43.70199966430664,54.623999624540374,43.53736540588034,56.84225810657881
58.012852123805715,39.34515903605461,21.077022093244523,42.717095172767586,212.04674485800933
34.62243155277247,49.2410041613457,40.27047674996538,37.39731756066976,19.612007581270518
31.657411023021268,782.7877222061161,687.270415242514,3217.1909981382087,110.46505654074826
39.050378947787976,39.996163431804234,61.260766087540105,66.36312737142362,123.38271122982587
46.28900146484375,48.26781410804142,30.78257783582012,32.20354752201092,57.10060049674212
36.35116602579728,32.58780763303548,41.057091763630524,51.326042493185014,38.893083998447764
39.950331052144975,297.17165802464297,61.74329841529834,45.723419189453125,409.1407729700986
32.624867312113565,58.6698693609851,32.721683435853265,63.47838143568879,57.888729095458984
34.237500084771455,13.460079669952393,34.039196424588226,304.4853488872577,90.3284218732042
49.61284449650702,13.390374860075099,38.030757564967644,45.364820607503134,139.44140259849883
35.86854668601154,84.51174993682434,30.28933343940298,38.38407987706887,123.6878959655769
31.43057383152518,37.43719773726116,39.63590088462661,39.952921494194015,38.96741979262333
403.9603461613715,97.33883571624756,37.24043976176836,43.11539916992115,19.51883706552144
36.46834373474121,95.0438117980957,1000.338050239965,39.172596359252566,53.13833491007426
948.8621943938433,48.286697932651805,36.33604431152344,54.86730111163524,41.6747203403047
46.940640243828966,47.059745970227596,36.02638212572674,33.44470395334611,43.437004892450204
49.039771029823896,37.98829727172961,47.99772036030481,35.68381534152468,1906.1455563136515
43.80088648720448,38.13873391681227,39.78793428310928,34.4430378388588,1350.7817013210715
24.910738768401643,93.23733088175322,52.588199615478516,243.62083085378072,36.605373869912
28.753800201415288,39.51377699110162,31.6070294380188,1848.2204575972119,43.61322572496283
44.005743789672124,567.1427531065765,41.261499881744385,43.529483018357496,919.7701572343412
40.29328327178882,33.01022296481642,110.37593476144866,32.04138015064018,35.43341032040735
39.82276411745079,47.66002238880537,53.81797723921591,45.6464589436855,275.19244609159614
31.844208734675703,28.25621892755771,55.7466817583354,41.45715351104809,33.08514415596437
41.986232460318206,42.69088766309869,37.88827462629888,321.5318323771153,38.15341007008283
34.71951303083188,38.03819190131435,106.78069619571397,40.200574469114144,40.60658728770795
43.61913686232219,451.7708789401586,100.19525735037678,32.484332614474624,31.275533294678098
31.863636363636033,42.021184040950175,32.11268824241233,53.2754207338603,2646.0129590569977
34.06673665727976,122.69218286573414,688.9199575696675,35.74694915044893,39.94616829554252
36.24230448404887,24.813234223260224,47.91370624743104,64.83799591064417,35.26322206337136
34.34337891650648,47.010835520426554,50.5610689435689,49.79660346291348,32.708644594464204
44.74601109822652,291.14912686415846,59.082266880915995,34.600198618571085,80.47039642333948
53.385166701556955,25.4400417397228,38.01233633132142,2349.341615464953,2105.450074634855
297.85714385088795,50.088762192499416,25.66001324426543,33.61647049156818,97.00551711188382
27.240478142759457,38.46195348103902,21.210580596924046,44.4533579046074,49.452886199951536
38.872217390271544,63.74892155329326,38.117006846836375,44.17868452805669,1976.6839207169269
36.10823611013075,659.0240491796412,24.297332763671875,30.96595849039477,89.30758735111704
116.40375385658444,400.07588619656053,72.37202227043417,36.86752774057459,35.865596771240234
47.30781306917743,44.076244926453,424.60802981058805,32.80185190836528,43.338731636289594
95.37548982529552,28.19471934925423,42.3916657799673,41.12456548830414,43.6875
38.226162704766466,44.75894152323417,53.55963565255479,273.50824000040666,2057.2883317311607
1033.0032399142237,37.46045718276582,29.35193395614624,37.93180941627179,43.96424826579823
32.32121760050359,40.657164558437216,31.08856730129628,35.603635306310025,61.52591606781425
30.35440007613761,28.473247528076172,1291.5946646796328,61.51486838845631,35.723815945586466
31.022233544825212,43.89855327302212,1410.2095110806567,66.53242365519145,76.09311886010073
35.17756304533577,45.66945321219282,72.47361830302725,51.211332514960304,346.72086601257433
40.52654355532104,76.91242021502876,57.96719319693511,939.547639332648,39.40144397947006
34.54467896869028,42.097568729945124,41.71073215083561,1175.7679957071941,103.51122061259412
62.1048686198701,40.28171335856132,87.05687459309956,30.687996673583257,40.578971384165925
27.587723425456716,38.51305160522497,2955.3600824991845,30.572033400763758,95.22997153146025
49.83624458312988,1013.699998764765,89.59679870605578,34.65610854550141,774.0527733696817
38.664772727272066,45.30508717128214,34.22666634453526,44.00452499389576,118.75871321734303
41.08426460852934,51.8116250038147,41.84964561462402,18.256645433830272,38.61735646864872
23.606155119396135,41.90921695415818,50.016506657455466,40.504310062953664,25.7243034065541
40.23186220441494,26.39916661580355,37.27507409216378,31.633882943444405,25.37298096550876
32.15282168918202,36.58755251892762,33.5744330232792,40.662005173531725,39.667140688214204
38.71599603628056,58.59040802001982,32.47911670082431,28.430000813803417,43.023686790465945
40.37466724102342,40.00731015205383,324.1268901664662,1788.6452735900875,32.24951159489501
53.07626122368674,39.522196975409315,50.96222224380108,31.78999982561436,97.75073197308666
118.92417703810679,199.418382576534,43.04604431339976,45.55586733136806,78.849170260959
1244.8825932820637,53.75377091907285,44.530164400735885,30.467651219027175,43.63905356912073
21.779573250360045,40.81158919561494,47.167159816197454,20.330116338896914,66.54698260914301
56.50300216674805,248.78165217808237,37.939699510629,908.56149927775,40.73716616630554
514.1285680135097,43.09970790318039,35.324654335583546,66.01238350641142,67.390186603252
26.236782836913335,106.4472596486412,28.042195214165986,38.45878102229108,34.39713864326404
59.98326769968298,49.86862504248529,51.87013759565707,33.78683725992778,114.03439331054688
32.61175906841527,38.81138042873863,29.020145380980466,41.24354383680475,29.017829888158303
41.51854572296179,35.039847840043876,42.58318681884339,41.85704706585602,1352.4897333780918
197.0846405029297,156.64240112304833,28.82249857584611,36.83955010308273,33.993463897704714
35.572856828765,43.80447097778233,35.94947062953361,38.803265498234396,39.818916865757274
54.971541086832076,28.119686879126675,30.476578203835743,30.493852706182224,38.00797926295854
46.46696756756501,46.3774528503418,34.309776631176646,1007.8863670331339,38.52368647257572
47.224916747121824,30.825058896316477,43.91213733166114,41.761431630453444,35.700453268125784
58.53886169375801,53.46163588303716,50.34552333697684,40.94416745503804,39.903851153219875
40.11821474347744,70.1584733963009,42.24090966721269,2306.2855389052456,213.71465708992764
30.929091212956337,463.1041058131632,33.65707898821165,46.873754272282895,743.1097222780863
40.2459394909074,37.146065478855235,47.09868240356445,38.67523665655244,31.11816371570967
29.60310922867575,37.92479722396274,3373.805304852869,41.74268673131337,41.12435323275167
375.0232831169578,41.582664489746094,1570.6866869926453,63.48420663313482,25.39476432052288
32.98438912416168,31.94946657816581,32.09879897599967,42.31429031716834,36.59771020071821
918.4779167763645,35.186287184407774,151.59686225539735,50.21050519328492,40.29200186652815
38.23364266895078,37.87733154296802,51.77643299102783,35.5306796449604,46.743791686163604
1704.3683998107917,39.616661071777344,36.37840894070359,15.041350410097948,46.069410470816365
29.409651109135666,39.10949598914158,153.30383081268883,858.1831603277296,115.33931826077969
47.22816508366668,32.40682299516084,80.95369949340784,37.545540014902144,157.01096926678656
38.11231602260159,113.32381938752587,2862.1098204392656,32.13829351589993,68.19820349557085
33.43060441450689,34.478843342174514,1220.4455491937515,1033.4596110417278,32.21775597022497
27.499730428060502,49.755997339883834,42.40095547267447,53.23040707906148,39.67333348592183
45.51533109224874,34.2499300598447,56.33074741983364,44.68130366007426,56.391029357910156
38.137339183262156,44.24491758907607,39.10771247318735,21.73031280095165,54.448189266144254
117.84146742387202,27.10636056553267,27.468402568012607,43.430337111154586,52.66366294261752
44.67487535476721,71.9153260451094,2377.6621269682546,32.07698745727612,54.47946321396739
47.45981941223181,316.44440756903714,28.406714757284135,678.4005277373581,43.900891198052705
980.5731239318848,45.92348688298989,51.029602323260406,32.098828088670416,39.82777616712883
30.856502412494592,34.54310801369866,2028.8964502473445,37.06381066813992,42.12697764712175
62.012066650391716,50.532797241210574,30.181754713792543,33.384683281483376,39.88892644246516
84.00564040485733,67.1657600402832,2055.1925029380636,38.59576396069497,36.28161845487739
66.18789113032472,44.546773428444794,45.972054072788524,67.35973307291715,36.737325795491415
43.33889049953905,36.900306198693215,1068.3806389256533,45.92785222189741,32.27146428426022
42.4994509770313,130.14747619628906,1777.6334033169605,248.92707950646763,62.051424238416075
50.87335560521569,43.51916611500201,36.923811187072715,159.63645474115947,13.460646664012529
195.46596832275463,45.33262665141592,46.745348249163726,87.49009933471643,35.91447080083344
188.2585760328493,39.819173372708974,11.967764454508142,37.897706031799316,45.76399103800395
392.93219903310273,27.3412918286449,30.671755818977545,50.58439862800333,44.476886325412124
33.234779133515985,39.077028982979755,938.0701779947649,35.49481914156968,44.66196079434849
48.39650103251006,40.79352546557675,55.842279848844555,35.0102815801456,38.5984265463685
41.165995597839355,34.27906274795532,46.46155900501071,33.416977836972364,131.01691818237305
122.82017864499721,61.87963459991079,57.28008197602685,37.727599079253196,32.59681181474116
34.00019965895808,38.268432044982546,32.01433272588838,60.345948367648816,43.60945372147944
43.5001186370846,38.466424919261044,99.2288052066342,52.68625157288807,539.4335997899361
34.756182377634104,53.981245040893555,89.63542965480156,56.593581172397535,35.96745914883104
108.80028132388543,38.6775016784668,105.19492367335806,51.6170597076416,38.73662332388085
99.57304981776724,143.98208883962252,45.156677518572906,34.674624760946244,104.57766952514612
40.50420168067285,56.64027637905565,36.552664438884676,32.4919744821691,43.29333157009569
41.08218775040041,36.37929314075336,35.66538461538403,32.4849201317993,32.201742318960896
42.83473342504112,69.80107150161348,42.261329650878906,35.68075649619459,50.875996112823486
154.22349717882025,156.38107546026004,1043.080819303339,33.805256870815356,49.092580387734415
45.81874990463257,35.982805887859286,34.84180727871899,28.575288968208042,33.77902861095572
126.23115137273635,37.95140854517558,633.0495882331834,33.64333216349223,48.395395752182594
37.91106033325195,148.40189379737603,958.2501225471497,31.405205090841264,279.6702841538645
34.15931255230316,592.4701232910156,52.89454735347317,65.57276611328052,38.925782595912096
53.16183607341736,1271.818735871997,74.52272831309892,35.31666485468486,47.467672695082
36.68637816460796,16.447249505752552,36.49151539080049,760.7792078653965,87.98523007906442
46.637170342837635,34.76166028976513,297.7446485318633,1605.8526963733493,34.56520267448104
325.04426865350615,96.22179809570298,35.09056976863394,25.627531031557737,27.497752053397562
832.8958370874789,226.33143076821034,39.73274739583394,43.13048434257507,94.91902542114258
85.91081746419331,300.67044491310116,36.90711233351067,45.087009157452485,38.78927440433654
48.48236767450908,81.37306785583496,641.3503216334757,210.61931635538713,45.72145582500343
42.55208259158644,38.16365000406768,32.07739022572969,37.28883928571304,40.33540097404875
35.06550104477901,51.491139244666556,34.368368106730486,40.64460067748951,128.2914597193394
39.076816385442726,130.64642642793115,76.85273876190149,91.81430417015326,67.5790407998229
35.338427613911335,1675.995730617591,32.16035829890825,38.807543073382476,29.528751790281603
35.29842895318325,32.9257969510727,37.16562156677173,151.68666284734536,1737.095075153169
40.274996757507324,41.19828127007531,32.465231802782,1156.3217430114746,53.410689671834916
43.95816167195699,50.37943148372142,29.026519937451667,75.33351447365567,31.97259657723589
38.147137142363135,42.66903135013126,36.533738916570655,37.172598058929,141.41246422661789
43.257187797909864,352.83931717872656,60.67421259198818,24.628236540071157,99.95274100833376
35.27796724107611,627.6023325293954,35.327243041992915,111.41520718165884,29.908516185705594
42.40286684036255,30.528051630655682,29.36438883874507,32.99150536552406,1082.9616645812985
45.839599609375,115.8886885209522,1398.6233614285793,63.34921290079728,39.42317628126875
43.6480016708374,429.56448325132624,44.48541514078897,615.2193981631772,43.33524905718332
31.88586298624614,252.33266957600972,55.053189413887594,101.92720065646608,26.25337609377857
44.500738355847716,53.59523809523671,51.00487518310547,37.75163529411293,108.02106776990331
44.69840093570201,360.4814133692271,268.69324512674393,66.02690966924092,22.705535343715383
682.3469597952699,90.34699204388744,97.06088935004482,39.78774169161443,36.34780823557048
32.45699160026925,52.39933064778779,33.03406181163518,586.226439412434,40.626926458448
37.67519765819088,58.014061137317185,70.62999248504639,42.56373498378525,41.1903315457439
30.06721925281454,73.61242294311523,56.1858571139237,43.75839309692492,39.84769595981925
45.57937404087534,191.59523098285354,2112.4720340910426,34.42808630201398,26.04709835345966
41.26207241492921,492.0183891296383,61.698666890462846,36.14155821366694,2040.5621631126505
100.13693962845173,68.34479980468677,36.69032704329402,35.80339757133879,26.058855703042354
48.70849772861948,32.86698172393335,54.01134490966797,38.18781789143759,1208.2638647715248
80.32483642269835,29.79873394036622,27.70887180509999,37.60009120060931,318.00636526254493
36.77661203237767,1136.283185871598,45.755514549488,80.88696200507002,45.51006070251606
45.50327162309077,44.30583721308358,32.6052776518336,62.93824996948388,60.71912354689448
40.10227601793122,45.92850950029242,125.11359475942845,27.627478027343386,45.12609372820225
56.63124442180924,41.786832487076026,37.50749853298112,37.11945240712703,41.954234410846766
35.82239608764576,55.34610230582075,34.571033339763744,47.91784973144422,51.77136938912554
34.92609848342545,1621.6946399943026,39.66043896145311,43.08786551157573,51.662160304553254
139.6041741446843,69.86510629364966,635.6708534827594,32.03308153152466,42.772724914550054
43.963608635795026,39.76079302336075,41.771762084961665,43.8652145749038,55.728542184471735
54.244727543422414,37.22511058902455,270.65847142537496,37.16899831336741,44.89135905674448
36.384547763400406,52.93303137114526,52.301512377602194,39.50624683925162,40.53835213489947
45.33016900455186,51.60293172200545,43.02680587768555,39.849659350740694,1154.2330673217766
65.34114913940357,35.350519700483346,35.52491064004971,23.9263749594229,1022.2136853899265
21.06540623417459,691.3994046165826,35.63716506958008,96.64210644890227,62.71062469482422
40.47039972941093,26.073292376948302,889.7970265927524,33.82868323798175,53.95897123548821
34.447020975747364,70.09517641644743,48.82672682262637,40.721124467394475,67.80462722778248
38.06314005170498,27.158093643189204,36.71238807573354,34.44224097512051,31.465148886656607
56.93148422241211,77.39771052769356,46.057150268554324,2216.3549964904796,41.79041451293051
32.367831865945845,43.55599594116211,73.61844647725411,2142.2303002097397,874.1375220162536
40.45439258922124,1927.4986341567255,48.94820896609781,39.097815386454386,44.24432427542524
39.10834732055628,60.5596087306476,47.636416753133744,232.85820770263672,53.33494218190572
38.75917561849019,100.23800086975098,912.4070352624967,46.88603312174382,32.09736822405466
33.71931802640938,40.968442090352255,37.163331803820256,1281.1410765874953,37.879849243163335
31.594497680664062,36.205010414123535,48.84856196812143,46.57226426260786,37.57648667835019
28.26081439747577,43.149818420410156,36.55640789248537,44.90138215285151,69.88881340638909
53.23691749572754,38.79519600501408,38.60929158528779,40.834909984043406,46.18413885016162
104.75384288363966,242.15662326812708,84.63206091986649,43.65654788100801,39.82624986436713
68.04265509711331,47.00974259987743,44.404592015192975,114.98609137156745,47.780097198487056
217.5884289741516,42.582996913364696,46.73387283424381,44.68999819010787,41.65982564290425
26.35468199758725,101.3295051724308,1788.243844174116,34.614939024953856,37.487251742853914
68.53614125933018,47.431247870126754,63.13208928601489,42.722805223966134,35.520706022627564
104.08766924540214,44.73040759374271,37.33103561265307,54.29552354812586,43.1900817871101
27.0617156255812,34.9391351253289,54.70979315290788,60.179235201831034,1268.5624763852065
40.88111518588448,58.23603757222554,59.57016245524028,45.34083765203286,42.710195159910654
38.09584040868867,52.575801849365234,42.54260138859718,31.506300396389634,2863.9914235432934
27.26450568305154,32.95079358418843,46.36228034609849,31.824436696371777,41.31008857955567
35.88906717597274,39.2906624476127,93.89241499059426,47.84728840419302,37.72016920730857
35.62838000343072,34.09558140147783,34.91022279527533,35.487050871919564,35.66794752463284
18.272764132316297,30.138131205239915,981.2856931886472,32.8223816799964,62.12794325086725
86.97342571682384,92.49251134535734,41.669381604877344,38.98191019693877,36.542360093859315
43.385293579101926,38.71238457072832,83.59094874064067,34.01549666967003,39.460304260253906
25.49038865831244,41.70616170407084,53.200399147835924,38.42981244411385,40.39633393899021
452.46785602872296,31.66263587510184,56.974477725558245,42.47783837999668,26.502796123229928
45.48399819268161,49.35919609069788,1721.5678680152214,467.5695509069101,66.61506091904084
33.75351537658207,35.858672303038475,52.95490972980224,53.38627853393518,51.6479199484711
173.30283237033473,283.64968439738004,28.96531065484851,108.63333333333321,32.413495980055814
23.577154432025054,36.89597365144073,43.39715747399714,107.94011052449423,39.83143202463725
63.53498840332031,48.00254938842227,40.980740710218015,117.3027746412481,27.6948684454037
36.65927237946562,268.44661248248485,159.13524400620372,41.00143059624679,2751.377662913006
487.12677595350397,56.97650685029839,971.3172799352578,46.11704011396978,34.297258417231205
955.6639056943859,41.84590712047793,42.446214339312064,51.17592828923989,75.3407924358653
43.42036183675191,34.58518055507193,32.07843485745434,36.87931638858936,1509.0486574854167
35.6670144339605,44.5446983337406,28.145414430024175,40.53166867424443,34.981230026636695
31.102801513670784,31.41419550577666,43.47687806023532,124.98546627589712,38.83083394368441
35.51266793145078,63.273651229010284,49.344630021314515,36.85975310852518,1374.7029044741685
32.70145376367509,296.336265144766,42.036058311656234,104.82716878255269,115.71774571736569
37.213424122417564,26.247306185559864,54.614124964153234,43.72227040204052,34.94553327560425
42.956864300896996,45.529200744629634,33.34612914494028,68.3886757860273,132.55806888233565
36.40557662316132,50.908939361572266,2337.2794972374304,29.61543461519068,1012.2149040678632
136.1127468290797,40.86550322563926,43.21907542302142,52.6366670396601,33.767411615093806
33.63162211368035,31.25778579711914,32.44728157736972,36.82599663734436,37.68017946879081
59.073554576527386,39.509791533151656,85.49256871541365,34.28985576196101,37.68924916585274
52.747197723389036,190.04631398518904,63.39691807673444,52.5109802537263,76.64221910749075
45.18221969604565,325.04399490356445,61.89991612327867,229.2542844499876,554.9694450081624
43.597025375111116,48.660257451674624,63.11589037577323,44.50278611434078,80.13811449323293
42.47616938422834,42.39983156644303,47.52043751075871,51.94173619196954,59.0128930035753
36.25210952758789,33.52508749231856,737.7009152609207,47.50481414794922,46.97428321838379
47.426821209135596,128.03143856572024,51.4723683675129,2230.8252711872465,50.07383346557617
36.665608919583974,24.871268862771103,34.620428666614316,1432.0421660741176,36.069783020018804
42.214695358276,48.11645364967626,27.794440498488257,44.66408911618237,33.490712784276184
46.71958250877287,43.70781679340507,44.440176827567484,133.7233279546108,48.08427991622557
63.65290204216399,29.01336597594127,40.73088073730469,42.01875445717269,60.33189927964122
46.12382539113423,39.43632234845791,25.860322173435634,41.34135818481445,32.879111495027246
41.517994308471316,37.3305973369479,48.37913307776762,31.39712689798398,163.51581596961296
26.310081534915298,49.90371981534008,42.47732708189142,33.912457136100784,33.37001807301385
24.844328562418013,42.359046391078664,2700.145562744141,28.530180104573446,426.3168456667954
69.05826350620737,104.85294573647661,37.60974793905734,60.10295326265987,36.70469562910148
85.15439156924913,52.628465914884146,28.39882943289558,33.39226838841569,42.28724686712303
46.601524353027344,232.04930873144258,34.75161361694336,40.848328399657476,49.56926360887883
423.85819931030164,33.71955720670849,34.24235159177806,36.08462117575982,44.09114799499548
38.45045419172857,39.061993542840355,31.605914539761216,45.05011313302202,33.355524257191064
517.2467609112064,55.00799778529472,30.116570324957138,34.07616500854601,13.389375495909917
41.65578451116198,31.692600481437694,106.19999793081479,47.355574289957076,36.903668374727204
142.99485152108355,33.14458524263864,29.736574110642323,58.91087212929415,49.593242136637855
25.23369643267506,97.86456114450993,53.538709848868166,56.14130968366226,36.80223467207907
30.21354226006406,33.93666797214064,155.89372954497412,33.88496604332613,54.69226283118769
98.19151469639291,48.12846276698838,2514.6322084973763,268.6108309427909,37.61979003179658
46.29967269897497,50.718135833740234,32.1510970147101,31.495498975118608,29.762002627054244
40.85040271093021,32.62395238876343,40.2619992210748,30.22031103687368,32.42167027791402
180.58033498128134,46.41921070643912,33.25463365674841,41.99149932861292,215.25284903390093
32.72696713038931,31.29831635611299,39.168744739732574,52.10761488585922,36.30826562852599
32.54488785126705,33.05039558410681,153.7041656494148,60.91616630554199,1779.3217126755499
29.937431261138045,65.20469741821216,2121.144444444446,64.21798157691956,26.231371482213945
41.82711198594916,53.40133046796291,27.046982747246147,40.986229710764746,45.518550526012405
31.471056641650648,41.92893483088483,1796.9510078430176,38.400814056396484,71.80074223109659
35.85838487413275,114.60824738744668,29.611457746907035,30.14554841177778,1451.4351963217741
864.6655837576727,886.2498301587075,56.118421052631675,34.54284104846738,35.3912073389547
45.003239594552724,35.37422158377558,39.38987072875534,60.74699021352171,28.126134308900873
40.64202575683521,40.69279174804615,1528.930995941162,52.543249675205516,66.03300126393697
34.96638078970318,29.352558976304863,36.94577340518663,30.017031987508744,46.20024680298593
49.33062171936035,151.01898314647224,81.42933026482024,31.100165049518182,63.05116475423165
43.46094076974077,46.00867967151498,59.02071588351464,38.6730035635137,37.90838172549229
58.957497802824946,36.08009716821107,43.824002265930176,44.34988490513388,28.822679639162743
27.834998448688566,27.075052941912872,33.029944402520414,36.57766358513072,35.10062249501607
101.11712613313102,213.51926081730926,42.152915954589844,43.858329349093765,952.2609667411216
38.422881348828014,26.131264368692428,26.448153409090082,1124.3819257191244,35.04706069306121
119.30315191095542,29.77053172685919,41.051959567599624,2865.580805452246,35.18461269336876
35.507290204366655,103.73749999999927,42.79690806070903,39.23603924838062,53.101000286284034
44.190415504650446,1333.84288073453,37.84157915982178,31.26502054145567,45.35454341343393
41.36009258694139,38.14916701543916,1340.478358325623,62.79731478009853,36.556330286470256
113.48249816894531,96.35104147471247,31.129329802497523,32.666899272373485,1164.724613759312
39.32443152533597,818.0295629790326,1165.583907318116,168.32603641978494,52.639936447143555
34.75666836329947,72.34160054524727,38.15885626648924,789.6471229553226,64.80415725708008
41.44984158796433,132.84226947360548,43.98258399963379,42.700162675646425,41.46251024518642
38.99697532653772,36.83506001292517,52.757017933239695,49.98155108365063,53.88250223795512
57.517659823100985,32.105565422130894,38.89308976594293,37.442334365845454,57.12266657902728
33.776334641472204,40.38774733770515,34.72200814160351,66.97489906759802,61.11748118082687
31.53192774454692,36.38379542032817,28.864597299365414,41.267142159598734,32.02671138101687
179.6801171075731,104.62266120910681,477.2202178094085,42.360096051143046,49.578175136020946
33.47374566395956,161.60100084940495,42.280836959113,37.817098999023074,923.6292223249166
36.743599155970514,39.026027875068394,49.12446246828404,35.59748122475503,35.95931137489424
44.6071983337406,35.32500127156527,41.82480435901198,93.09522864784776,77.21143014090376
16.875436217500464,70.6985551209018,75.42456912994385,608.9276154258041,34.69270817438701
46.3142857142866,49.42389619505411,36.502291062299264,65.01831829737057,95.12571770804243
72.4063995361339,98.56923085743256,42.98923746744731,60.855020068940576,37.887990315755815
43.51039995465908,53.67097304084018,41.50062332153357,35.104951926994545,43.539613761155124
32.25999009488805,41.78035371568512,41.011190331500984,110.61361427307202,144.88570513499508
32.685600739187066,106.21033450172035,0.0,38.336819784981344,1410.51839887831
63.31641153188866,49.320026910954766,32.94435272794908,43.84402428829344,35.441845448811364
31.021578301324553,38.7661446791426,37.08868807838007,38.17120245550723,52.48161279587475
33.21782639447338,35.8323751014741,36.8559455871582,38.01817847357779,49.308902740478516
61.159554799396574,29.56859808311856,304.45467495388584,33.47245303067211,46.657560904821366
796.1997566223145,29.421986131888843,40.611793445406875,57.65283221091158,423.82955730662616
37.599108801949114,1491.2808534671094,643.1615106919235,38.02743676992577,35.112855610181214
37.473606723817284,39.91762713896969,793.4991131651641,43.15499496459961,39.066732033035805
32.699539820352584,48.204203005003365,52.69188044956718,28.4771436754163,44.260077656006615
41.5374006124639,35.11906504680337,39.06159806684991,31.756998538970947,38.208970590241734
65.96152402209009,47.98859710693432,48.97299323448897,45.181443956164,119.74124932289124
33.36654316295244,43.86090723673442,34.26977187511875,46.4707972208671,52.15378154945756
1413.8403650285254,103.87028732299768,54.41002852121892,43.72362584434268,12.398742167153614
41.33664781558582,37.846854073661234,34.31732940673828,33.37943954467846,60.109680938719976
829.6522837320972,87.97323624292949,52.02963568947598,34.32594297085598,32.53083784652881
555.2995697869192,102.99927947998003,36.83799997965434,35.65358735956033,50.45013376871793
42.92187275965807,31.443369238717423,1157.5592966352197,37.17966840074587,1031.949650658502
114.0247202443552,44.166789892948145,68.76749172210657,1336.28485666499,50.720334482472026
38.856834411621094,63.5581214427948,36.49579241081119,38.528664889583524,30.001310923742494
40.375999450683594,39.66320552324032,38.035941045087384,47.69094657897949,88.3349361819819
39.281314825464506,38.32007922444973,204.44176853064346,49.25693569183386,41.74131512641907
371.0123964945469,32.998251264041755,54.05748748779297,108.24088786198627,36.71469515548597
35.85931036812872,48.502148818970454,41.900950113931685,51.72273826599121,30.648578620679473
39.3607659022,32.96458191341844,29.86850188493736,32.02602358429067,36.78738513137432
33.302324995931485,1514.426433077726,52.77296447753906,66.24675649007077,1826.6312508583069
94.74995591905463,145.60180053710974,34.00096524556466,28.630595652261036,51.52499930063823
27.954688128302223,56.780364990234375,53.03328724911262,38.008121490478516,37.74986368815007
102.4823161854456,45.66779073079488,1985.421875,45.695443630218506,26.23911787913312
39.93775570439357,85.77931295122471,1227.737153752645,48.46972933682446,34.230944885761346
101.65936139673977,87.51739565531352,496.17905748807425,61.743252754211426,83.69523584275157
36.37451291765501,1419.7768147786464,41.26073783986794,35.62773309187469,37.965500386555505
40.622222900390625,37.21273295084575,27.35722054375401,48.67293939029332,41.581935558895566
67.29983914693184,34.396526938990064,62.70239558749745,35.53302694048216,46.191999691245655
45.768414424015646,37.22315736737073,1457.847323390415,65.40733759026807,53.85666142088121
40.130591479513896,407.1733741760254,44.21799659729004,3872.452603816986,37.26354005601752
56.54799699783325,1316.1885694776265,1146.1585723485714,476.9549346923832,102.49614619758904
112.96206276900193,54.367552015515685,53.68468475341797,36.51869869232178,41.16710578070888
35.721120689027885,90.0161304050016,38.62114980597289,66.18892288208008,51.455427169799805
392.4794405255998,92.32604163033648,535.8467459360763,42.82214458069211,40.25342898898634
167.94288580758257,42.54933397697823,37.73047165643584,28.641423089164164,39.88894174613233
162.92823448181116,307.69899876912496,53.06035889519626,27.927669999331556,42.50743268330916
39.41072946436179,68.95516167380447,43.90080241667965,29.112820295855272,56.06002285244358
33.27160034179724,39.011134138010675,668.8005034502821,32.0744107679875,48.77039909362793
45.08480080498521,69.30068525834395,105.46586642795228,146.28918734463696,33.51713172037307
44.9501655578606,33.655800550412096,370.1198439825148,44.001890916089906,1189.1048233032234
44.79631878080909,37.44895819461817,32.1160275385937,50.32726217905656,798.2791495977672
36.95199793035317,253.10108083089108,43.232435955917026,46.78660462688276,41.91361067030084
52.17471531459341,31.46749986920986,1000.837917832594,62.70024407704659,43.15307657646554
20.705742645262944,306.35332775115967,59.75778479942892,65.40031403435569,40.47112976877361
35.22969996134452,384.6642174353965,60.563998222351074,1132.4369458907677,38.48888948228705
33.466749804360006,51.32099914550781,32.57223786076975,30.41655006408655,43.24799837384853
46.610473208957046,38.72279826572958,34.453722295913394,30.08387871015657,51.82053093187642
35.2467238108311,42.70019508810583,40.25168246690009,31.007006350431766,89.37817103068119
139.01532710682295,39.30225070943197,346.54027188639157,37.201059977212935,1073.3435588062257
36.875097574969914,48.7030107077062,42.003446344229815,1804.8107600409858,55.35852328213696
47.129228591918945,35.084522792270946,34.264993520882854,1394.3432806711353,44.00399551391638
32.66320890543284,33.1883339881897,22.78974560723873,1230.4406005892397,277.1033332824718
98.51303361985083,45.546111366966215,36.60590697099542,89.95416990915874,50.664552211761475
42.46399852207833,42.89516735076904,40.33189655172464,107.95959687232971,32.9958858001919
32.0481320567651,115.39315449107744,82.3564453125,2447.9940637574146,48.83999156951904
41.27581291198658,46.59703935895595,33.236913045248,103.81246508084769,34.59907822871537
32.09536161779579,36.838165283203125,42.0071513836192,41.269331614175826,38.731998261346234
45.411333719890536,265.8518870809803,28.19551055764532,49.148831367492676,36.97735922992251
84.13172765878517,103.33344001100704,1377.9547678629551,47.6557245890308,40.47870389152922
28.623748970032466,40.080546569824946,38.46012530607368,2062.9290346939597,60.203750133514404
49.580106174244065,113.3960052490238,74.96715154936828,30.768607076008266,44.110974385495865
40.87493057251049,38.904366084507274,61.745457077026,23.53973317796408,48.89506230073857
36.0430246218275,36.79781648656353,1924.7531220694036,48.376073327719496,71.27383193969763
41.046999168396724,200.4516657315762,452.80269337189566,40.37190519323849,43.19383149580608
32.03221681383002,36.4871978295123,45.95442352294958,29.577455891503632,61.20344090461731
28.56449822079594,45.20599810282329,33.88724433051175,69.50969895257003,41.6673492431637
851.3580009823763,34.635998010635376,36.585498079424724,67.58302448817813,61.367563547904865
33.292000198363894,33.96747654616229,29.260297025957698,59.1169744821691,35.18040239052061
41.6937655398724,1323.180761428106,95.19245847987804,29.048009153511885,45.324342105262986
36.09439557393489,903.6975995018365,33.077953935280675,34.89704852633986,100.43165986032182
45.102074940999955,1682.4480010138614,1327.8547817230228,160.36423537310293,54.63880335489921
91.88382829938564,42.55124346415141,36.12190233866386,33.54912125861665,35.05913841610891
55.76804572011679,88.23623895645142,43.01319792776303,46.83376269870314,1357.8200450088043
50.621980557938514,39.798483022053915,73.90738660638999,34.956665308787706,15.637123322663683
364.3114191691093,52.23360163370853,102.07601780265577,198.53648267473545,306.50447262034686
32.62966617123129,40.061924937575895,39.88836985049056,81.63689498901294,34.58355774853044
37.55818948291562,57.26644342763211,33.53703197903087,38.27431944438467,39.113619431205734
39.04153465684794,40.121269528828634,27.89413041008811,48.98233704339873,53.38018280228789
25.049605899386734,2129.7851123903783,35.98406510786663,1070.2043020075016,64.89982261657678
33.16666666666606,47.85905880398241,39.92653548946873,60.55627569285389,38.257137298583984
29.19304225209089,49.72205491499517,40.480413709368804,82.06094890941313,37.84084311591141
31.77546493798218,1083.8597566492426,45.09525985717664,436.3279990342562,46.33353952680227
34.293327771700206,1184.5801197786514,28.38706245422327,1233.0747344662432,34.35014179774589
101.02933120727539,122.81488904086109,28.446914970101716,113.24516276824215,52.99321955726373
27.57032595547753,35.943750858306885,36.87031779068457,45.33081364631653,33.41841527557517
46.5525350782591,30.198179913806598,977.1473369598389,54.807997298732516,45.928455939660125
67.74917598905995,702.7088404935948,38.86425989815143,42.30748465401848,53.29520161946675
46.85519021654727,49.77625512457598,31.95612543392781,172.35033416748047,41.16209646860625
106.33804566519575,43.06998132657645,130.03803614566277,40.62055935329954,37.87080619118569
42.1960522923946,146.32674903869702,34.31533282736018,32.55952538384372,46.52229728698694
40.29125687735359,42.40896263122522,816.5804216721481,48.73399325779428,217.00484706994393
44.50544314914259,38.445147895812624,18.610342287551248,39.93999099731445,37.35768941243623
47.49753657749716,304.84252887301955,61.654777103000015,69.03853653416445,37.10958735148051
38.78911537432941,47.515143203734624,32.07681088438403,39.616049370399196,38.02984726849718
37.77430555555475,37.06735814412423,31.99137132064243,46.34272935655463,35.07612228393555
37.21025601555266,615.3422755073098,40.58476747785244,42.30812364058147,97.73552307128921
53.68221139907837,48.49605564576996,33.35102310180628,665.3999999999996,39.802247047424316
68.22830047607385,46.83303458350019,37.10164722095942,40.80366679600229,605.7623824681996
313.9447470770938,36.425290679932004,657.3912216399931,51.31188803452642,52.08788840554007
16.981714157831448,116.97793388366699,595.5331138666115,33.045355778114754,52.98226343790702
35.42534838589745,35.46751115587176,1495.827501296997,38.40414722149217,107.0065645853665
138.3502711341498,103.00337959058379,45.50853131612166,58.48137014052372,132.50636022741128
42.71221019511904,65.55604558672349,40.90714245750678,1466.469187996605,36.35365849682421
481.7544463866525,128.98699951171875,33.38764653227554,33.16427040100098,37.74714415414019
47.72868804931568,121.13980960845947,46.51195962088423,46.43070732885644,38.221628189086914
40.70853851613174,48.00000339084181,30.706023272345192,40.83031752170791,55.07022456091727
97.18000139508877,46.57599639892578,35.293882538289836,46.946559025691386,41.714832939889675
41.88947274344355,32.9018165588368,49.68181818181802,43.46814905802421,958.2726310729995
75.11156943185051,2015.3614008069617,57.30373909359878,40.53592874947208,38.208306503296626
46.71555370754686,40.37187222072134,36.96244673295405,38.0071964263916,70.31748867034912
46.9789024353031,43.15242304946514,42.77600166125194,41.939195360455415,37.573742389678955
51.7615988731377,343.9225231631772,89.68788296243474,78.5079998016372,112.36120732625386
44.693132654825604,861.0714262429774,61.56024090448955,29.831467564899867,42.607571804161125
31.140892387838903,52.73033425146423,50.76768933250787,39.02760314941406,31.284799385070073
33.17495202782084,69.79600197928266,31.047044481549165,50.33314780033106,28.9615469614655
39.67178632780269,28.119278860784107,42.97099536328096,37.33864084879497,35.847272624139805
127.64078140258789,45.63130354900932,42.80541706085205,62.112986931433625,51.24054667713972
38.17028645106802,541.4026174545288,86.02743996514073,592.4462559291296,32.83728467571564
40.26374388474687,46.60578787743725,580.5863272148272,63.27085161965988,46.95371382576923
33.66291750394339,32.453369140625,44.820556322732955,1200.835728708902,49.98564529418945
48.161582692464435,70.0469252499679,43.55279579162561,42.88549551753931,29.473086413214332
139.90626335144043,40.01335227441086,91.25810713645842,41.00991069569318,62.77266563873491
903.9429448445644,1171.4840703779646,35.61862373352051,46.38745979640771,225.19374743374829
29.482186351504424,44.08805160522388,39.6340750793006,1110.3796142898245,460.1078534807475
30.91201823460142,1568.1069723476066,53.90890557425337,82.94192405180547,48.19521211151368
19.376668059880103,20.473035125733077,36.5962490808397,121.44249357026274,166.53884497748368
28.40743789672888,38.22091193095912,96.27885760352729,78.3984150121596,57.395886502285066
33.73992743778399,40.012581189474076,34.53742585753025,37.37903187139091,33.557879057798345
35.3071920606817,263.0322672526054,61.76809243594835,40.27161270921897,36.845185335943825
28.785525888297343,55.197014617919194,46.15414919997784,1413.9807985256884,54.04166666666606
41.717138199579495,26.518390655517578,3214.8914120414047,47.850103585760735,105.89633448674249
30.96620121002161,38.40490579863399,37.87432700868703,43.92777112314616,1473.2074601419517
124.77863558600984,318.8990137736,48.05227036909673,54.80611254374162,40.904153074536225
23.84179103068891,40.9723947671755,84.15189819336047,37.51148923238179,53.605003356933594
39.7788297865136,148.64756547080106,42.56841900474137,42.846927296031936,43.08724149068257
45.34908606789395,104.59606146718943,19.976822931410425,37.04182815551758,34.14286343256572
171.7704549461905,113.4494187037144,69.40277777777737,108.3207910810197,58.139427185058594
47.839241572788524,38.4407245238981,48.37181651127685,118.16872072219849,33.0777779557975
33.19416941175223,33.961731465658886,34.76678594419354,33.02670047493848,79.84982311024396
80.96207199096716,68.5959939956665,37.58075940998606,34.25768838841759,50.34282725407684
1221.256400081089,58.371828715005904,40.351772212981814,30.99927153975841,37.19325637817383
524.4573319753017,42.84511973063127,2739.551783425466,56.415298401361724,30.304694300111805
34.16235515049448,56.12631454467737,350.73624664698036,49.03085272652788,47.64159851074328
37.65415994869363,128.22382869883404,163.41607091566948,91.4760721751627,30.850048162998064
60.287997245788574,36.24685084025077,37.18285022463169,883.8055762377644,47.6303916931156
35.633280890328024,80.88611817359924,38.889367742123795,41.840761427445614,3218.582749829973
35.038192325167984,58.54791895548442,40.74406771118265,312.82644855112267,33.65953480090138
29.88331762949565,76.29925240410739,39.822209930420286,39.81624717712475,42.33396543775234
42.81573062472853,806.512582632211,39.03884668061255,35.71142864227295,44.22374925565782
111.05054807662964,50.61744450160586,41.510589790344966,35.88109982808419,46.56670365422542
302.0230007171631,62.50209636688305,2809.1418498167805,104.15973583020605,48.22900802370168
515.1231370653422,52.75124263763428,44.156173803450656,51.31272371080195,799.600949104386
33.36426583492357,33.80525131225659,44.46910120578832,44.03326279776411,80.6514264391626
76.97628361095121,282.03565426781097,39.7055998611595,38.85027149745474,69.51827828543537
55.06706771850622,29.677412033081055,43.47071694211445,39.550960540771484,30.279596710206533
36.26959571838415,55.80445462181524,35.0326649347935,1393.1007831149636,42.745510130662296
375.53748380220895,52.33326805962497,31.652921850030907,43.9039379466667,42.300650926068556
66.35790234520209,45.57269725799597,177.85292288580786,59.323938928801,40.19520215121338
28.039181454976642,40.683492140336966,51.56338736216094,36.285506566366166,45.9939980506897
1100.8677085240688,37.33859333847431,2245.704998896672,560.3604490310736,41.233663856210114
42.12580833435095,30.538757523680033,37.21541799439365,42.57250590298463,44.063070210515434
105.53260167439839,42.05366679481267,34.35392873427372,41.89493387395669,40.164439842081265
25.54951655069999,42.33011954522226,47.17951812744104,40.196160557294206,29.814234349634717
553.4007976531975,40.73738606770894,36.323389189583395,62.040865230559575,41.28235189119914
46.386209061522095,505.54079742431713,119.38500137329174,57.0564516129034,48.7974982085052
32.71516023649201,31.845675780994497,180.25496444882083,1165.4355291886768,40.94875081380269
38.11206665039026,88.2635269165039,34.17449951171875,51.29777685118279,41.2308464050293
31.465186432526025,87.30235508510123,38.76248762661453,26.514637706044596,43.79240707953613
44.504665692647905,190.5626388390865,882.6742849804104,45.183060963949174,37.866296095005964
32.24968634184734,43.492178201675415,63.524882997784516,464.31399063836943,35.07676923525105
34.68211898803747,43.68554992675854,967.3091409471308,1129.600700378418,297.1612522095984
44.576308802554195,344.46500037698206,199.68449808756486,61.02949251447353,70.82693099975586
39.500531836903974,134.82059720357393,2100.7075337727856,42.96795162624767,32.44842106204851
39.45915341377258,59.26805157131639,39.8786208016536,38.41253360112569,41.58070512503582
1278.6105507937336,35.72524193657773,39.314909848300886,42.86105085674171,51.90271271736492
60.11101062481248,208.79453554153406,35.91535301208569,35.76597653902536,39.625094121411166
35.5583319422567,47.207611083984375,57.68043636745824,3584.494453234549,100.2669906616211
40.27573377740919,655.0763749342696,30.771797752380735,34.09809435034731,37.48271506723722
376.17211240880715,37.69783787727283,37.33277151319817,37.40866203308178,39.44417063395122
114.1148467015737,183.6440269121158,40.54373372395821,147.94400024414062,113.70454140315087
34.625,127.15705990261449,59.42894986366264,53.38776397705078,34.9651026804986
42.09835392040077,40.59834930922989,38.88211543743455,34.1509011586495,53.933707573301945
27.332961120606342,44.16416634453526,31.93121584724031,2190.351219764123,51.6909065246582
1253.6480626424145,46.985000133514404,162.8566168325924,44.66666666666606,42.544720401283485
38.533431552705224,32.916742706298464,28.091069594673172,34.344045729863865,31.927968245287047
44.295789216694175,1079.342491863983,29.821067484941523,44.9529348668766,29.586666107177734
38.04248479207308,119.84016503228122,45.878037643433345,33.68026173909493,61.179999351501465
44.0077941894524,187.21545791625977,33.974498558043706,57.54452954805856,50.322198830495836
37.244164148965865,651.6537317911789,42.45774166400588,1446.6456982192176,35.58879241943396
44.480640714818946,209.38542338779916,1312.735213429536,40.8607669406465,1929.8580487158997
34.75998339286161,39.81771977742574,22.239556206597626,44.40282303492313,49.52047390408006
51.59979237828884,445.9350824991852,86.73354096846197,44.954121398925054,45.49796306725693
52.926207542419434,48.17927015436908,46.39616648356059,35.79834928331729,42.86369276665937
30.77598915100134,1263.3381577244509,30.430633544921875,23.01323146820141,90.98755521637395
145.39533709357784,37.6696198407335,49.848493957520986,23.013600603739178,39.93659533332357
37.174334208171786,58.832296752929324,47.32506728328008,36.86812973022461,104.73295745849646
43.196031374507584,85.47588015964902,204.37547743947835,298.1504594527469,29.299766414767873
44.714192628860474,38.34312586285705,40.749703513251006,885.2743596044074,43.44121285640722
31.650390083139428,299.60508514173125,214.0969414483934,33.64774768123789,57.33233495254353
99.2894386878379,91.73823659777008,889.3058166503906,36.42937779426575,47.225011203163376
253.26996527777737,195.42039540608675,39.124000358580815,35.01138151259511,63.5012001037594
32.47325907168124,42.15038714333241,38.16830532367385,29.049219536060264,44.80318276541584
41.38083860609186,38.996470507452614,40.68707552823071,27.57683340708354,39.2260328746961
888.6552625215973,111.26940790812114,1625.7217618768864,136.37397902352495,38.353957998791884
33.81821484035936,354.97589454650915,1461.4453073752047,33.90504460552984,44.85665079752471
500.8185700689046,37.01214381626596,43.82867337511743,49.109193316349774,31.50164667765239
34.15867805480957,26.146601298209134,36.43883310953788,109.65309264167809,89.98457756042444
31.91666666666788,41.41546758016011,33.655362046598384,339.4264280228399,42.12103823148209
32.945357004800826,131.0908014569959,49.73139953613281,39.48040635245161,103.01936747233049
106.82590126991272,86.99611585790444,389.14002100626567,30.077113919787735,51.47404208712942
43.57929293314555,91.4210407950668,45.53958225250244,2421.732506434122,239.3418754077702
43.14425799721175,41.50150012969971,33.81930033366007,92.03948627818681,40.23238997107728
41.97493648529053,35.96343728017746,44.30594200558153,40.435194142659384,1043.059615725564
38.08959737505211,69.52716209774917,2198.9131659842005,41.66492555358127,16.293686304337825
28.596042832874446,42.6676025390625,31.914565173063238,518.0627319999367,60.70696942768518
259.5416123390205,18.75495020548624,62.17092099397087,31.88155310494585,42.53313700686158
235.2110225970937,50.29197516808199,27.6446381715632,75.33098481830712,544.9048624905681
998.2884250822535,39.45762282151372,34.06772115956119,36.762788227626515,101.40715476890182
39.95292229444931,15.466556401837806,39.7309719085697,58.578570980496806,30.261498837977342
281.50133701671257,40.48581487482261,137.83508128504582,32.57722800365627,38.42130544562133
30.09162343343087,85.2799961090077,13.12988733362181,34.33575504958026,1209.636396135602
55.465998150053565,42.27542304992676,42.19999737209764,86.35990606454652,87.55800342559814
40.63590167377697,690.9309056599941,3238.8940346418094,33.28780746459961,36.052962371586545
35.044731012980264,30.30039185115311,35.193111419677734,39.64297370910572,45.20858583546578
21.349382032427457,34.863178166475336,61.001450972124076,38.32235738966119,34.14854030557217
148.23830939398795,34.13185753183461,37.39511265474175,46.71111273387214,47.36612752278597
35.43340992427511,78.72391510009766,213.77933311462402,35.80609418697895,44.15137550857435
42.06110763549805,27.71007404327429,62.03991717762801,32.9063169065048,54.463635338677705
35.6519972483311,40.53399991989136,105.60440452434705,32.957945598172955,44.72107127218442
35.49645266786138,656.1903534913672,42.941849240389274,43.029161306527385,1961.609870812832
33.89933268617824,41.09184601727611,263.4107011922206,57.23201700846403,45.108943992001514
29.73348344828628,227.99950885772705,24.270372917777422,37.46781315523003,45.777189916187126
708.4580595228399,44.27639277487833,128.06285885402212,101.05922524588459,43.40441997234666
40.69037532567381,34.84891811921625,71.34472798366187,89.19635074752841,40.573221092145104
224.10799566904643,102.11527093251607,37.69166494208366,71.780050595602,32.060433594106144
511.9999788072382,39.10555641467727,94.7292226155605,34.822975640530785,320.32922891470116
50.69374923705982,61.10208574930766,27.317599455516756,47.41907376202471,26.421461128053124
49.640074912947966,77.11603476784512,40.65145715077779,34.16854523677466,323.2803204059601
37.179568896859564,291.9379419599263,44.78762081691275,1762.4338455200195,127.78321420578868
32.74440155029333,417.27937768175616,37.45918297767639,36.02430013020785,34.42015559856736
33.114134979246955,67.0645523071289,46.82979529244585,133.12328467706175,44.84192307790181
42.05942644391689,91.26913969857378,42.04427572397071,47.705052798095494,35.32004728771426
66.28120549519917,42.15997845042875,31.66089600783198,35.18369050459478,41.336700630188716
42.0670497947267,39.77066548665425,33.99999851460416,32.69849088880619,35.11111993500708
16.59665950391718,45.73328291575126,31.088408545841958,1881.1259318983466,34.66107947609635
41.45256894594604,52.40254360050494,24.241180660008467,48.82355512421782,29.174166785347552
34.05993443868465,38.03962181213683,39.768223232693344,33.232581825450325,44.14092839558907
41.24264658821994,34.957028229440766,363.8231658935547,34.11981800160356,62.948740005493164
75.00532828436917,152.3352859497063,142.2013888888887,33.64323940334725,38.55826619466097
232.78722191555426,344.2006250821614,369.12275204958496,52.71957927279982,38.204442460804785
50.08488962385309,195.46880187988245,54.13609530130998,37.79719161987305,187.13849016825407
156.77858352661133,41.5571652366998,22.670909354133983,35.66391552962523,41.647599283855016
73.92341470310748,35.260450236002725,42.68409236374646,39.87367314558833,32.67626607985767
29.47256851196289,30.091929462221742,250.1417042229441,38.040543891114794,1242.990309510913
32.51767311096228,35.00117094857342,41.06373470851395,34.23962991887856,34.926972961426145
42.52057590484583,55.92647058823604,39.36674684812533,85.29876943734962,42.92798656116793
35.41557732939691,91.52377192179301,384.1453397115074,121.5420777851632,39.61219043731762
28.60256673713957,44.04171511307504,57.73383267720601,36.83355710445176,47.79230603304859
44.32067038796231,28.967886327684027,1519.8291029563316,48.60455420078506,58.21732507235902
34.356194305419194,34.14265178333699,2013.364166683621,81.60342516218043,47.83857905069999
146.24430523722003,42.2269470214851,27.319061915079146,30.706249999999272,31.379416517778736
63.23080709706119,32.314691323945226,38.78900972303563,47.9887935638435,33.486854553222656
185.0350944519032,35.147165934244185,36.90940880052949,33.45853085284398,48.49558038224313
38.52956193866157,42.985690203580816,37.36307970682719,55.226138950134555,33.49906037983055
41.6556356950241,129.06065095618214,43.4977881691666,42.87599361644061,26.6783113562542
34.182867079514835,34.06407389014748,40.13029744266714,37.63636144002339,48.52190150155002
37.0164176492126,98.41353352864644,37.71898345947375,37.34180799304886,68.79604979491887
44.501338958740234,67.73264676607687,41.80057198660688,32.825998813254046,37.629878901634584
62.00914997198561,33.187263568243,598.6081175370655,36.98210734049462,70.61176470588362
36.003956105974794,38.950341542562455,41.200992584228516,44.464889102511734,33.319917297363645
33.17205882352937,39.60378334738925,34.95306736339262,778.4414480845135,63.44790095882854
188.31457222832614,33.620634564485954,38.20799848768547,50.457595316569495,57.6192007211539
33.83937454223633,42.261458079019576,3274.063067844938,47.31147689819409,274.6262379814598
66.70454845428503,593.4101324717212,60.148354963823294,2526.736218118258,37.5396645863857
41.158119658119176,327.5612644195553,47.2159619942704,60.943745613098145,40.60701503753626
21.16662609766354,118.22644478934126,1707.7730981190998,33.718045976427675,57.60786493813066
39.29512330201942,192.24361581241283,37.806149732619815,40.2709341249265,35.42520868847714
39.34638957488278,46.45305357392317,35.379201143998216,36.46142474583212,34.43172115749803
39.731632041930425,296.431477277707,277.28435661679214,43.811031044853735,34.56621890597853
37.500583376202485,658.3804235086809,45.009896029152515,47.80873771080587,100.67212873186509
202.55676970866807,54.37527024900919,53.943312690371386,54.0009087880444,56.66406608595207
381.634668986002,37.556518584591686,39.05661226234588,36.94392107406384,36.76748938309538
34.861248397826785,226.63439356486015,2833.367498884316,101.36999786601336,37.43345270260943
41.5041618347168,35.55964851416866,36.4760186122021,1730.0493542923887,41.72502355575489
1161.0355005264282,35.45958688984683,216.16082572937012,35.53954976399655,34.82570114135706
153.34466548732962,63.98257010323687,287.16312445438234,33.0932245988115,74.64765548706055
32.299537913004315,42.59709202159502,1977.8705703735359,353.0437480381552,51.69931100955728
114.58411922454798,48.61493403116765,53.32712647574226,36.32241958675331,53.157778267099275
122.60570871262462,18.70603199206016,175.48426790134545,31.769111812242045,31.392058632591215
42.89142691570851,36.193006691812116,47.03309104556138,42.94213248358756,144.03864022457128
34.467989488081,31.72720884665432,110.2851287379417,43.701953706286076,35.55342883809499
35.20301897453646,50.72166697184184,204.37510792006833,71.14317164624117,42.863636941621735
41.25280151367042,31.977890268961346,32.27018683545248,49.23119812011646,119.43756501570897
36.59974813461304,76.25935406155077,38.366506727914384,61.56641381884219,44.49631051456163
31.035345790696738,57.5416611411365,72.2992650545566,44.000759883232604,40.83052062988281
36.52205115399374,41.316575537786775,43.17241336773077,57.60485403878374,101.80199977329903
39.566081492104786,33.34553031921314,3246.123125712078,33.77859728685871,109.7631721496582
39.63368557521426,37.452985006666495,31.229333877563477,54.85963923590498,1592.3224880642356
54.45808944702185,32.6601825731359,39.8099901676178,36.34211946339747,44.24600762679984
110.41244167751756,145.94937535275858,42.977714811053374,32.85749909083097,29.81518618265727
31.85795246471025,35.351432895067774,661.7024068543415,610.5699529214344,17.03194843145684
42.39224513825866,50.77923520406148,30.30249989827462,39.05687243461762,499.6436733669707
43.36653397878035,73.89762702642838,55.3822726225244,429.3493835449226,51.46880035400318
37.18916738627013,40.565764687278715,51.38026216756043,39.56414966583179,42.663657857772705
42.89633305867574,53.64582792917827,70.77990995134678,62.55096628274441,37.66124561945071
39.06235929635841,49.304791174994534,31.95238366560625,39.003463885661404,38.6664685336018
153.03666652332686,48.17315810067339,450.20413823281524,36.56503231494389,27.65082065515344
53.11736369413484,51.757867252124925,32.04179487118017,38.838855470930866,34.61622971700126
35.44639892578198,49.98582808176616,42.22691703565215,45.399192309138016,40.013512590197934
32.765600585937136,68.06340603950594,53.480475912288966,227.48432226181103,36.849632263183594
26.92865414640073,60.27474572002029,45.76773546612458,47.86035834418544,37.15115901401987
22.59091440836528,311.98611974716187,99.16349093119243,2277.905085209437,40.7571352640789
60.59272647626494,35.418551635742915,32.26882044474223,48.09593496322668,41.83175809455497
300.0854957580559,35.76832962036133,103.30455419752252,38.691583261861524,1080.181380971273
147.95349764823914,43.62177785237691,738.7586808638134,30.166858400616547,42.326395003659854
26.084459838866678,35.72719751993827,1306.5568432976215,64.3614784934307,73.42135285597578
44.838222079806656,43.96860758463481,1875.749429167363,28.5787484089833,40.44561529159546
92.27706604003833,36.280843336951875,36.40350877192941,34.63127128405358,70.55981858571431
43.22875001695502,38.66193330938222,34.66159235142368,41.979942641892194,37.202234042268174
35.07715901461597,35.59153124491422,38.25882009603265,29.721557140350342,1093.872263981746
38.734237378343096,379.85807441040015,140.4392727938557,346.82646296574603,53.14754867553711
45.85431344168501,73.65112979595506,39.968548836266564,37.09237988789937,51.49736088331156
53.98047365461025,327.8347224979625,915.7900685628247,20.93806835338728,47.10433345688398
39.56198293653688,285.8989461263027,36.352242396427755,40.59192434946635,98.6977764500516
32.49687931754306,57.950949096679324,42.13522956484849,34.78785292307475,37.483096154430314
43.53986104329488,46.924355030059814,1867.5439189820972,48.120898946126545,39.430935945303645
128.4145442644749,41.343731513390594,50.14285714285688,40.40084184919033,109.31049029032329
35.46813074747661,169.58251032434782,2020.0975992475232,842.9256040338878,47.5168539683018
319.9629208108654,163.85432750156906,109.78746549818243,842.9197059765193,54.031963654420906
30.707303667826636,1590.6864230816172,26.918317268662577,50.523122787475586,72.81879310607837
41.30759894885523,67.38656176942641,25.18312772667923,28.213714790344966,39.49188339501234
40.55925199720514,338.30479507446216,32.64379925727917,40.20718943086831,43.45454545454595
41.66005994356601,33.73811857894543,25.51713752746582,35.99214030674375,54.07882470483128
52.46665498780203,108.21963792688621,1373.912727523635,181.24211263656616,36.21500142156401
58.229683609008134,38.35114417521618,41.85386314925563,36.40736261823804,37.229791323343306
44.25033696492574,97.02662110328674,156.10716168085673,40.19757034665054,43.74206039563069
24.687007725540752,27.830363750457764,37.37453956604077,26.15913593067853,44.64581853693198
34.3532937308355,1236.9448529411766,40.10203652853488,27.38084203546714,40.713325162909314
43.41818316777608,1061.1146159748441,36.14425881703755,31.28133138020894,37.5935957409074
33.70599688111179,197.99141438801962,1115.3846363371358,42.499165980021644,2108.049986339751
28.331497955321538,47.51847708565947,17.621292552117666,37.368809938430786,39.18416321567747
63.83996849059986,30.081198520761973,31.21092006138315,33.03642535209656,24.18133058696003
27.5668271988161,39.31506892612924,56.31332324964387,108.47743116106358,1400.425332387289
35.85564622424863,41.976526396614645,36.979992389678955,112.32666778564453,94.34917596670311
17.468733215331667,88.43660278320385,22.18980234319497,3287.0280774185085,255.3305854547125
66.71041666666679,38.93911158243827,89.04304526402484,49.324437889685214,43.51326395670549
51.84984700129462,41.93464496319211,39.13506088256872,31.909823236010197,14.75574917263475
43.28811127798872,242.0876729147767,39.433193715414745,37.925500233968705,1193.4324633303277
33.58840033213164,32.988893925712546,35.97586104449147,399.6183177403036,67.48699378967285
25.58614030920944,48.925711495536234,33.1617510795586,49.05433265835745,55.1005877005955
50.08813182616177,50.08879299883847,523.079995897082,56.78204754826584,43.124688227373554
62.45624419620981,81.65795093112501,40.36979133432578,17.191178385417516,41.96747377183601
60.15529738205987,68.29234477451791,1398.7338210274193,43.62126671927217,44.2028216193703
51.179444122313726,45.7741818283539,32.40251700706722,63.483374409861426,914.0125694274902
46.59491893223276,54.33359781900981,43.34878459121319,85.48192171943083,57.02549086350518
1044.0936872308903,85.61148365565714,3033.8708333333343,103.78912519567166,43.404510498046875
75.88787317276001,44.37879265679294,31.269310553869218,29.827141898018454,115.89794464111401
40.45566368103027,76.16674981117285,41.92760960872329,30.357104914359297,103.17275535769659
63.98062801361084,43.99145960545866,53.61659927368237,40.529416402181596,35.54077245843837
40.54000129699671,62.120790004730225,44.50038709417095,36.147151702791234,40.93166732788086
38.91540571514088,49.43080228169856,40.788935468404816,35.06254438920405,105.16511856078978
42.60400390625,35.89247982318557,84.26941410411382,42.65145746866983,38.75649145877833
706.4348826817095,1212.2509464464692,34.23264493440365,34.70976999249069,46.164631919255044
45.09802792867049,38.53831481933594,2069.090860722861,41.57910546196763,60.444371686664454
59.54959831237829,62.014371395111084,36.569869701679636,17.75151837624435,36.51227549502801
696.0000059339727,41.75937508477182,40.83105706607603,32.579527734338626,70.74362564086914
33.41587430513937,699.1494964599606,23.090384001960047,35.62445438168288,2577.8379962921135
60.75894292195699,292.9430196815065,43.08952404203956,37.81099772453308,350.51150689375936
32.185724639892214,433.8834212808051,42.33633778889998,37.20932539682508,350.52127717670555
267.55041786674155,982.413334147137,55.98931420367626,37.53469276428223,42.85649935404399
187.85302140977728,49.55528018349105,36.01228904724121,37.333733797073364,47.093901581234604
34.08226530286993,187.54771957397497,2613.1436125811415,43.72924781667825,41.04079818725586
60.644258771622845,67.27805852890015,965.6865015029907,33.54624630423132,40.292214287652314
50.79959978376064,57.89734942503674,44.960943368765584,40.266729203978684,30.074588877632777
34.745412826538086,61.876657485961914,35.62244525671849,106.6490361531578,39.74057462857127
133.8555713653568,573.8825855255127,44.23712519595574,28.203368939510256,28.304437160491943
39.84173716031546,43.26475283974105,27.371729139296804,28.706054263644546,39.58848127427882
27.110788818588844,83.61346638997384,36.80222102573862,30.01276768545722,42.361711806153835
44.39092979431189,66.93527013605308,40.30117488187898,1375.874239950468,145.17719535827564
30.46709938049389,42.05479370601461,36.482647323608035,56.84049746195524,30.006433565016778
38.90857127356139,29.530613366658145,1450.4385985337285,32.052295276826044,31.49679857889896
55.00977325439453,28.16317004249322,34.637348476106126,925.9719381479117,146.48013026897752
51.210366469164,42.15696237737393,1044.0916912681187,31.86246428551567,414.91885665195514
28.875830056867926,37.50158538818505,51.915980202811625,39.4247775800286,35.52471949259416
36.85542546785837,35.79086743523112,51.11017650947724,32.4381954497112,649.7856058008529
33.29002218246387,33.32385402255568,180.79883876599706,58.103185418758585,1021.6909922281902
44.107979684360544,49.080639733207136,515.2832478921882,33.21714156014605,69.73246065775493
43.82239799499621,38.409760188389555,2836.89099393572,26.84416664971286,59.27764945560011
77.20648461978453,56.023618952433026,33.18190824939302,63.905026166867174,49.54209790529785
184.9289140247165,92.29903920491597,40.45426764237345,42.48334067208452,37.40048811170709
103.30350065231323,1078.6643681452824,252.30948190128038,1789.5331466674797,39.41266986301889
1329.3873017851292,40.79811466441424,1861.6838176700621,1911.7697777066915,68.18320821126326
29.509385802528413,55.989164479573446,42.89172859191967,120.20479801723013,44.211837818094864
29.501446932838007,35.06491075960366,37.410160573626854,102.2020659013233,42.7344126701355
387.8219872214577,43.03306528727262,63.11975254035133,43.07943289620562,24.521917615618804
67.04233118693082,44.79541941122625,36.20930480957031,31.4489885965977,106.95087277548555
95.40416673932668,43.39546087587587,33.379949442545694,37.355330997042984,95.68518846951883
291.7770971086302,39.612659356533186,35.98534726339676,53.247245407104856,44.12871366388572
57.80576890309749,38.59721404236734,43.849158604938566,40.849582354227095,35.078663414175026
88.88090981377536,32.86051831365694,26.763956203763883,37.72548342923619,30.155735695459953
32.59871264866524,57.508664333458,33.97608869888609,31.207241980584513,31.693118657820378
173.72577879163873,36.2704753668404,55.800690589592705,1910.1962661743164,29.50573752908167
44.253766955751416,32.96914127894706,37.61782455444336,1513.4032448768612,68.36923211415706
31.809216252162514,42.506450380597016,34.18702727058189,36.23090069710088,27.69187348057858
29.029236602782476,57.28726188582732,40.09333841424268,43.98289028070394,194.03924756172273
35.61814146775396,37.00693678244534,41.73675150685631,1462.7090727306531,85.9131289890829
44.9071050701732,41.08153529600713,102.3280885520071,31.96174228552627,69.67471016777927
39.41340528215733,37.94524825029475,48.5039945329936,31.745368946929375,38.15479388381573
30.08958032479859,146.07243569113962,42.4681214832126,43.85517493608131,43.24615060715587
1325.9678767480855,44.53714333514836,188.9336151354255,68.94026119368391,402.9839742672357
36.75980033874475,42.745583314161195,70.66003290812114,1455.9110152773064,41.07358639056838
427.31344628712395,41.95038958958139,60.0632153330389,47.630146789550054,248.84076436360738
33.73442616120701,70.88490663256016,988.927271322771,45.71044582790819,83.71124807993692
32.51374802589453,58.52336502075195,62.23999913533589,478.0842076256158,57.61645666758159
55.23548853610919,39.089594816548924,1178.782322375806,35.097184499105424,42.52602406551887
35.616534666001826,35.8350646972649,31.08193505979034,84.09799480438232,43.38899230957031
66.0290821393337,28.185397148132324,47.63657409425832,54.7475792633868,36.86627303500791
44.11379029867567,38.822582646420415,25.914528104993224,42.541842631804684,55.481139046805765
945.0619606139171,49.21924627394765,1857.1908345655957,47.59608369263515,67.49897435506318
2152.7679686690826,52.844460969812644,30.877643118963533,1677.195691085888,48.121274623996214
32.48626530965157,100.47154135396886,36.657071249825094,1574.2703027969765,43.08304481506275
38.265401303127874,41.48635874039064,516.1831422836058,24.447796297074092,38.709943680536526
55.00113296508789,57.3246955871582,41.7020720786677,38.57799847920796,34.96174657912343
48.89502156805611,22.381940841674805,44.375273617832136,45.06345187100487,60.44645396641317
65.30803571428623,467.8800229345052,27.423608649451126,32.615618502315556,43.67603810628316
84.74583435058594,45.91926791621336,46.42723539897452,421.5412159795342,16.309880023234655
30.916358784266777,249.15085230536715,38.296539306640625,37.89880547156645,36.620682186550766
34.18632006016196,76.87079238891602,53.996497443813496,151.2037699381508,37.279359106621996
181.2747881272262,47.54308741166096,43.093489703009254,47.904686874597246,33.13408215840718
27.77767102760299,41.040092831564834,97.76676374493218,32.66696548461914,46.42113369357321
37.25468945503235,50.068169784546626,38.36607142857065,46.871013687323284,35.58779411315845
36.8966695997442,37.162224740694,110.87051522194815,36.92596829732247,42.51538154406444
104.11368721855979,45.580348582325314,38.345599746704465,60.1915807723999,44.241477272727934
35.74447852686899,40.33814830780102,218.6974877010689,30.93864238963397,916.4706649780273
39.465066189235586,43.393253919812196,58.74016474167183,286.6119395664755,48.19999999999891
42.58075407335127,293.07336069742814,25.502709967457122,31.188869730631268,36.83516654907544
38.5939998626709,31.965653498369647,111.37854741414412,38.10384311675989,49.116929690042525
35.524516668074284,21.49468848818833,38.21523230416278,29.08750741498079,43.18218231201172
34.6769234793519,38.017782245982744,31.041569301060008,40.6680965423584,47.86319340599948
1617.015433956878,40.27602123078759,37.65835316975972,44.82666360764415,38.312825845925545
30.88692040443493,636.9310109065136,534.8893626286426,41.43215038593007,87.55038944248372
37.90362421671489,39.627599461873615,39.10836410522461,34.44742983863398,1672.2419328053802
37.04596963482072,35.93999767303467,27.52087030410803,44.888891855875045,38.70510061512687
71.05563433758653,45.182138987949656,41.53253618876079,34.93018271706387,33.242000579833984
49.49474620819092,49.534142465303376,39.014906365531715,32.666123423856334,63.42083040873149
30.13185555349264,48.551537226116125,143.45343780517578,52.88150950840463,65.9497668278691
658.9234622773656,30.45970314427359,106.20560157691943,26.04947998944408,144.62950134277344
47.59524009341294,24.63260869565238,32.1051249560187,38.51283383425107,29.61224701073661
54.021940758115306,254.05313888428645,36.290462787334036,43.76756443121485,34.47454325919898
249.16303831158257,212.22439709948594,33.394802533663096,32.5553458364393,45.77816454569438
27.035049502588663,42.18916066487691,55.99110794067383,38.44274663925171,46.95211454800119
35.684020632790634,154.2720537061814,107.98586349487414,445.636456489563,37.52872178048892
40.70282316207886,27.769002066717803,920.9582748413086,41.54425133599216,55.92499589920044
39.1830135072978,46.973578498476854,38.15951057716666,40.88887045118463,106.71736781482286
55.388508987427485,33.04479931422793,49.69750165939331,42.976059757580515,41.06578412732597
104.46287120472334,63.60009803772118,488.0902990773957,576.2706429481514,1957.319998211331
38.541290488610684,35.97957378238971,123.7099287850524,39.60906219482422,35.64799058096651
43.971127669015914,56.33163660222817,45.179196724524445,30.8298313718351,2342.9031050308895
77.30898860490561,21.72194747924732,100.8933317396386,1496.0937151227681,42.82349874060492
28.711980840660544,45.9760809245854,35.132362434320385,33.93355094062099,43.2207273642216
26.038861902410645,51.680674144199656,402.6482927645866,36.7348596460688,47.457993698120845
53.886080312206104,345.356368314302,87.67476708548384,607.4032444870263,18.74249190754381
36.24307603102534,1017.7564140319828,34.666200926809324,1189.672526889377,42.24982299804651
44.60534975126211,39.09594429863864,69.18517176310343,39.59618653191501,1352.0755442245536
401.80379714965784,26.00876740984495,29.86706892649272,307.3250666300446,41.959185449246434
36.05249786376953,41.52072940402468,35.03567374624981,40.29652150472066,510.44494274409044
275.1714994093945,88.57097151785092,2682.264623430041,103.68306133507576,87.1911221417522
101.11956933828515,52.96222991943432,102.60282382965124,91.69338962009897,53.71991675240679
515.288215901428,41.52448245317464,43.1664464738642,2434.3565547712715,67.0452558344059
26.788539180050066,43.55437395500485,61.28998851776123,73.84480079772038,38.04872566169797
42.907063917680716,100.87041735181629,1334.4101612784652,36.438833068154054,56.629165808359176
40.22539865403087,312.11624368520825,45.65021413167233,35.39555546594056,77.36746292114367
43.657499040877155,117.10761256445039,32.330630840866434,982.1079165140782,30.941971375392313
48.94233627319409,680.559513564338,45.979159400576464,33.633437868149485,906.1551243708691
37.6732599167608,41.7444440401523,45.23690070868906,48.13859863281141,36.17209221334997
28.921327718098837,145.54444291856635,54.81537580490112,31.317713352591454,118.60690262204116
30.41574530968319,38.402400456941905,36.46068478445886,70.98534463735814,43.30745476170523
40.93889681498149,50.01117595444339,14.20840140751352,37.814559391566945,56.065733761257434
31.183747738958118,51.43266974555263,38.0252081730996,1105.8390175592322,47.249144254412386
38.53618122447551,49.03506166794796,48.726002057394,32.84999196912395,29.288224987518333
34.88772564842475,42.92028018622659,2786.31831326692,857.2338310184332,34.65224175324329
46.940001487731934,55.33244511119119,30.669814233006036,31.66604603038104,55.014819948672084
33.85818123094941,78.67823435679202,34.91511356658884,37.03984385270269,52.31323302964665
44.34017017909537,109.77550071879159,34.02644834661987,48.418744877406425,43.81387710571289
40.82600259780884,57.91561864217147,109.66637047364384,1446.282822672525,44.657024961530624
79.33779475891788,24.837179456439117,45.878889083862305,33.70856552857549,41.084235387465014
62.11969910349217,33.52934758803349,78.73725128173828,49.24266688028911,33.534300062390685
56.7097053527832,38.94061816606154,31.09726638794018,50.33813585746975,117.80937083562276
37.98062515258789,33.11046140010512,39.93408527374231,41.66739061143744,39.056476266427126
28.24761835733989,48.33280051095244,48.444175373424514,35.62621026087436,61.45679938140711
60.2718526666813,67.44897732204845,44.40836731244053,1494.7467252943243,47.588606516519576
228.2034332911171,350.61790974934956,127.20410665944837,32.843113190787335,53.56343170251421
39.683798408508665,178.11721759372267,415.0998289489744,1160.158936508562,36.770452681043025
54.076797231036835,36.44256891523037,49.82321428571413,43.423665014903236,85.03900439922654
39.77900171279907,459.3556214332584,55.508261919021606,16.026676734716602,111.45226929404635
35.233846264387466,113.6493538447794,37.152491642878886,57.92785339355396,34.05577443647053
38.51395718081949,51.214285714286234,52.78148422241247,2094.781929923958,33.68574142456055
298.6666603088379,56.62006178543015,44.55105463663676,55.75400597499902,35.975998772515595
40.92036187335907,148.7416254679356,1617.4417131042483,34.06088588351304,54.3035980224613
131.29427846272847,38.878656114849946,37.91667352886361,38.48154433568379,39.079409093443246
41.54270696640015,45.299221501205466,37.87311114002841,28.458832634820283,33.71267569076008
41.27411172049324,105.95909090908935,25.40114462244128,43.48676516214982,35.5537647883084
504.20395763766464,75.70629719325552,33.44384738948793,24.790685744512302,718.6910217285149
37.36057536208864,40.27743627154632,56.35888036092183,41.30033206939697,34.31584658235988
192.0399960109171,745.2849747290984,134.16817925193027,2303.677550845676,29.667613636363967
187.174854460216,275.85994020968064,251.2962005615227,48.673602196478896,75.10875555185157
40.828119482312104,54.42243370642973,45.195481936136275,47.868234073415806,42.49755001068115
26.615704666939564,41.34138352530317,34.600706477855056,49.023645210265386,110.84828528972685
44.922913789749146,39.489998287624985,66.71292304992676,42.70479589795468,30.45952217814738
62.47283043623793,67.44787648519014,2080.516478466012,16.03324510846869,34.82615393594642
21.51846642745113,78.23321321770163,42.50608901977466,2660.904054111903,682.8857981363926
40.49271011352539,108.65741021292524,56.374545123126154,26.129947786208504,236.15741573235937
35.969000816345215,33.60360999800105,44.9485205797082,44.295362293018115,
35.14545452233506,66.34546296861481,194.08561509655374,24.889014523847436,
35.75524888392829,45.797495524087935,35.6247395658811,66.00000784132135,
46.292452573776245,36.809845655392564,38.390625,83.44019727379782,
50.717849664521054,32.224523717675766,57.60339508056677,93.90814165387746,
29.477545365043625,37.09077898661235,34.835076207700695,37.414516957602245,
40.34639002482072,41.90895607357925,43.06123087956439,40.494805946349516,
204.149998982748,32.19004821777344,64.91323928832935,496.85746306464716,
32.73961375559156,35.69749841691555,94.21958372933477,22.17948518232879,
33.91949590047261,51.18026362827732,41.08681364545919,41.38912370473554,
32.85258441458791,154.5970185203114,48.457058270772905,50.86822424994534,
34.67327816455327,20.31447772202955,56.28249799288278,65.73216597239116,
29.783085134295106,317.46396457766605,58.7820277622759,35.64614968771457,
32.98472733930976,50.319665273029386,41.634257507324946,23.384015219551657,
55.00312131106148,56.624706000611695,120.78843561808208,41.43671079940941,
143.14780825660273,36.0366654135978,61.35471146971395,116.86232882412878,
30.583140867476686,56.26969528198242,39.56672519186213,50.2037662421335,
39.662687519617975,1293.250373253455,290.35449709211025,63.03506492326596,
28.56309231844898,67.97336730957068,54.59090986251795,54.014801025390625,
35.434509106304176,36.7814764234754,36.594748973846436,53.20443820953369,
45.18760179792116,115.68168846284607,42.53125,54.802839279174805,
46.68367906050298,78.98196653335799,1695.2928106519903,136.46879272460865,
44.68806304931604,40.47652806368751,45.726409689026696,74.4732319995619,
36.6173319135396,380.7625000000007,27.7977969501826,28.39521573384627,
39.90585692269451,362.85203136097334,32.48096911112407,110.28809242248644,
27.892441643609345,68.40994149988364,28.09219879876946,38.122448832193186,
72.11759338378943,35.54032897949219,39.698090135158054,217.56340154012105,
38.99975380242904,114.15555699666402,29.171312544080138,39.46575684980962,
47.374161402383834,33.71175706651593,36.43502631554293,32.99152159490586,
29.504562915712086,14.225479736327543,30.078815303388183,30.44966491352534,
41.3904887002609,42.24239540100098,40.750739687966416,68.06589965820422,
38.48135897069187,50.487245008680475,39.51375267722324,63.22988978205467,
47.24871215820349,36.37685016285286,1424.7213542803602,50.38794834483633,
56.3999260796445,38.64329833076226,37.243500882928856,790.0424999349252,
312.9387288093567,45.14016164143868,143.00702019893652,47.51635669526513,
36.19928904942026,43.26827960544142,28.633285668316603,46.59473449464895,
62.733076422555314,36.31587314605713,2223.861119359335,43.59200117323235,
149.44745777675234,46.03554449081457,57.83063210381442,126.52428708757725,
98.66663614908794,39.29012184142994,41.39806671142651,44.68567434946635,
29.8380708694458,48.059754108247944,40.39340532742972,17.31958674874477,
49.27147171714023,44.55001594906753,35.929230769230344,40.18205095926896,
28.538257983553194,47.65989898312,2321.3835766699995,27.273546981812615,
39.78233178456685,100.00178102191967,24.911507239708953,29.842279802178382,
23.848955154418945,39.574756314055776,27.279760088238618,1057.7132639203755,
49.40184619610227,60.29585916568067,41.1818608637459,32.66636297437799,
128.46142151242202,103.76988983154297,40.254729558551844,491.3802341885039,
49.948982620238894,49.032643636068315,35.840637936311396,45.41865793863872,
81.8849932352714,426.65560953240674,64.90834794725743,1152.1701057835617,
57.219468887034964,37.40295858419995,51.31760462592683,39.36023707426466,
64.48692405123802,25.326787023832367,83.54686476967618,34.115551842583955,
58.278898620605105,32.01500789935744,40.18635150364389,32.02493405809582,
43.444498825072515,124.93065570649742,39.66997855050249,37.31820559260814,
40.00952430967118,37.24677957455788,30.54280608040972,32.97808887055544,
31.43831291198694,45.80977146442092,64.36254536021806,46.06782964498052,
45.413253741793596,793.5531145731602,42.01964647429304,246.40399805704692,
43.202308654785156,49.81296357908468,33.161712156024805,47.84724824324985,
29.15141268847401,331.49185834612217,29.820062796274215,44.53286094898613,
42.82075215216537,97.46108462015764,26.954051061909922,46.756351470947266,
48.054919156160395,33.564020492091004,13.092589012041572,54.33713204520063,
46.185741647643226,2054.4865454355877,47.13989890603443,33.97618098835301,
82.35738515853882,12.569127799368289,38.99076280139707,39.91259935819107,
33.70883039994624,74.60519020774154,36.34627911761163,38.607981999715776,
60.30133607652533,103.99997859530959,28.88076362427273,46.67971066066275,
42.84557778713679,27.208545567438705,26.73947471079191,35.05613662438191,
43.07953851873208,38.93371318957361,48.99966271718404,38.60314537253362,
48.55541500678373,40.73914439861619,81.99103858254239,49.85985292707119,
33.48111233334566,42.347072457065224,36.58680870419448,42.6144668887373,
55.995628356933594,44.33492388044033,642.9862537268436,22.207681829278954,
52.923702533427786,28.32727151758445,40.41589965820276,131.4412488070393,
36.92151402064883,104.19040069580115,61.239888381958735,43.734942398288695,
36.9686164855957,29.305698683767332,45.089396476745605,121.05187384287456,
33.78507006660038,56.17633565266988,46.12278927418083,38.54355532169939,
40.24925554715628,34.62166425916803,42.21353326525059,34.82434253692554,
37.93785146077607,17.09194761334038,56.2637362162277,32.710599428646674,
33.92147664609183,106.5580119632541,36.98096155237363,53.91739269385471,
30.489209038871195,37.68266398111882,2179.855159363189,35.44832760737336,
34.54937308175249,41.5256499953648,50.475201550652855,33.96974771639725,
47.76442745753775,88.85565423557819,35.564647293091184,47.41767451511441,
53.62301392988775,38.26031554691508,35.28373201543582,830.0407591990934,
33.731012071881196,102.38561929975185,29.682320186069774,474.08448351905463,
39.28171030680278,1034.0639587989226,41.90534782409668,34.65616438124016,
58.50333619729099,36.11454909886925,53.71341950552778,41.40756996231903,
29.827971358525247,37.85329666137659,40.90730230869485,44.92732908609287,
28.431425015131026,114.58512573242115,33.29212943123457,478.15035729041483,
35.14409290660478,282.1047499632241,29.020139906142504,1273.2696500258007,
216.71157364618193,39.018922822087916,45.32208824157715,976.8863137393073,
41.16130208969116,369.05304541954683,45.2403097682527,30.81703110579656,
33.7850917006981,46.52161259121385,30.58627266977419,52.85119156461042,
39.81518376668282,109.61646938323975,77.20711671878234,28.70166375901863,
30.539493772717833,31.660023112874114,83.25564711434527,37.80393499591992,
40.91022279527351,37.716069630214406,1520.9180980682377,31.782665373786585,
32.33672694670895,667.8411016092668,27.67613232930489,28.107636609982364,
32.55164328680985,1803.6585113351994,954.8060010274257,60.06799746818251,
39.241492085642676,44.562261793347716,40.25429000854456,48.58479690551758,
640.6798324584961,39.83989250461491,45.093105516934884,50.531702280044556,
32.746240234375364,44.236769435381575,41.11972028558921,40.4420248667393,
58.089007618662436,67.3759504138925,37.21493186706175,34.6452751159668,
81.40434010823628,1162.3677967616495,37.189225158901536,49.15733337402344,
32.72674477317014,48.283996073403614,38.99958142409196,42.35610412003189,
48.39860187877275,637.5224204785882,37.52637090682947,818.1880479540141,
173.1911941528324,42.2267042795811,30.05279121398962,50.1112174987793,
55.62650125676919,52.05153170931044,45.1169675418314,117.5949042638149,
94.25757853190044,59.456307517157256,51.103375026157664,34.22715445805261,
36.33583225345137,30.47360307742383,39.8918680463521,127.22991768519023,
123.33630952380918,55.88666470845601,26.23636245727539,51.07458963761019,
45.226595261518014,37.716111924914,43.132706936896284,47.267184448242915,
39.32262494876886,37.36083624097955,33.02606176896552,53.443741293514904,
42.8744584412143,28.69216537475586,36.469417245047225,37.89637990846859,
30.083191623207313,160.8008327484131,41.03619094122041,42.83427081388618,
34.62613194783444,32.33664129979843,37.709252675374955,39.58599853515625,
36.32305569118944,37.456831069219334,38.55437507629358,38.73842432243873,
28.826865687515237,37.85438159436126,29.550224414770128,90.2290014721093,
152.84878107706754,35.40664706022835,41.229719161987305,54.00464316474063,
49.199040426448846,38.81634635925366,55.85272216796875,37.813454367898885,
36.90860875447652,41.44451260126698,30.99791569179979,468.81044006347656,
38.64430096944125,30.120358434551235,462.1727099133059,35.30989590558056,
34.35616588592529,462.7708336966389,39.76218365400382,57.29250063214931,
37.436831156412154,41.997198952569306,713.6106930541991,62.837305619981635,
41.42440688304487,38.27433784335153,34.39152009146528,38.906176543681795,
43.21904761904807,104.43399715423584,32.67168731689526,36.157125887662914,
40.30645906357677,118.00119301346967,34.857933379054884,39.10673406787282,
174.33371480305868,50.65727386474646,31.218211555480593,47.86951800755014,
31.673566436767942,314.21717279607583,39.5407116877559,62.32281792469439,
32.419541846380525,35.77291250228882,32.38813721899896,31.771135965982467,
36.79827539024882,37.19954598468212,46.57600901677142,40.02819400567205,
24.76959711710697,32.66864509052721,38.491299438475835,36.83625843549089,
66.45772611939901,26.051259919933727,2750.3386045764746,1106.1412471771237,
54.32065812135443,277.5169656926937,44.97225616229116,31.186775706706612,
58.03555613498975,39.486890767080695,33.86053276655548,40.824435100297706,
35.02919158935583,43.45614784461759,60.85619850158764,117.76413423305166,
39.80651976845547,42.77892357962446,1393.7458930015564,58.72482767870133,
42.87784642439692,76.64287308913117,92.18631312052457,43.77754928952163,
34.45224364403839,117.77443822224996,40.93393611907959,34.951064215765655,
40.91093279520646,44.394342403220435,33.04968161331999,43.259331067403764,
30.28399677276684,58.41813795907183,2115.1516036987305,45.432124614715576,
47.24285607110869,28.144331850324306,40.6079080755062,49.644758315313084,
74.17646180740485,332.26050261295313,950.9912590358563,54.29322793906067,
58.35089588165283,44.39466381072998,28.70221794976169,36.7888323465977,
53.40710873074022,37.71540905180518,44.4574142224792,46.05240753718863,
41.04807851518672,104.91873499552275,1694.5129578035649,1837.2805230009799,
71.65328478813171,1632.6650284491643,27.233747411657532,37.43031519935357,
39.10047316384407,49.06327862209764,66.26707382202221,72.15631492049579,
60.91652297973633,38.55632476806568,1105.8638857719234,765.6131590062923,
57.13876291910856,44.1787486076355,47.64518585205042,37.13180551619007,
108.45016901352938,34.95100021362305,179.94475381416305,38.64835400051561,
47.87593078613281,26.368914642334857,29.935935871941183,46.83018291697772,
37.3333363003203,70.19423441301296,41.66800022125244,1029.5481233596802,
35.62923624780524,140.03599062832836,75.54633331298828,32.99470525888319,
40.79655068201464,310.61729162306983,121.22743948231437,55.62369736337496,
25.189960554533172,63.08041659990886,131.20244712829663,37.7748514646064,
44.00279839833638,33.86745484670064,68.5834150314331,1313.8977483861581,
58.827966928482056,35.796455274310574,36.92050148296221,23.341954392652042,
201.35885209303706,32.053749306996906,36.72807373210162,35.36333330771049,
44.5989990234375,66.4978339407171,42.75126063755488,49.30768956078464,
80.30025137313714,45.25970095679986,118.47226665863127,32.90944629245314,
31.728169465677638,93.37346619826167,1221.5728734334316,40.72737706234511,
49.475556306164435,47.48440600664071,1646.012936385363,1507.1221766244798,
45.05937021428872,41.478375026157664,32.91999963586932,31.182315165106047,
97.65436898219377,32.676722043521295,53.663748866489186,35.93090542880054,
84.00809278942324,47.55364051232027,117.53750000000036,205.02872382854548,
62.969106175349225,39.79431350509731,38.78510971069409,41.1802921295166,
38.04645474751851,33.4958809817108,44.3070091495465,53.83466512506675,
49.357307979038524,43.025103489557296,1696.2247860894695,115.37416627672064,
36.91599754186791,34.34586881336327,52.66808810763905,37.37194519042896,
49.46104335784912,53.965521281659676,35.85549803204958,42.16137708936367,
52.69309026544761,48.440226999919105,1052.901570406828,91.35599756240845,
31.796829948598315,156.2296821957534,65.02186688509937,45.24571747250047,
44.12780401550117,35.71669973277858,42.579478544346784,34.400658289590865,
53.299974268133155,410.2703125000007,28.64664936065674,49.61964829762837,
17.387661997478062,54.25481346325978,42.404277102850756,1805.0619424376819,
812.1059576670323,42.619934007234406,31.472401046752566,1147.9320430266562,
30.493131574045037,36.66749872772198,25.341453505854588,31.99555714925191,
32.13248132559056,35.79279722145293,46.88370245474289,1279.0299828847255,
30.836357945981945,34.793331070011845,30.06046721234634,38.770095582993235,
61.43687915802002,49.03204131417988,96.32351684570312,120.6842006683346,
30.513170196385545,29.448619029868496,35.83489818573071,54.87108338184771,
327.77965495806166,35.74357938137473,42.614124964153234,32.11875065635286,
37.48930619998282,395.08596445719377,58.54932838386594,39.934688313802326,
28.65332960090018,32.67901413781328,61.501332600912065,47.15843611878336,
65.90956802368237,107.8799986405811,30.446764591762985,36.7856742858894,
41.279585520425826,39.91494592030904,34.078363265582084,29.571861088459627,
32.683451271055674,45.63439750671387,1362.4471244812012,93.24946430751334,
30.981133993571348,238.83333333333212,2417.298363938051,41.099593734741575,
38.28972015380896,39.61321431940269,38.727499389648074,153.95711611319348,
32.15666849162881,157.27786105927953,51.893088528531734,52.73599595290034,
52.33199888305717,221.63337438246708,192.57297101701988,1487.2750993092868,
44.793022264751926,41.212534586587935,40.88089370727539,39.14229311580675,
44.29484094273357,634.8012679128933,59.05256898062544,98.72041800440638,
35.793928146362305,32.853388643265134,45.641299507835356,37.87486993698985,
72.93454291603848,39.850357691446334,46.66749572753906,527.0435485839844,
39.3749349190839,50.39251849868015,975.95059633255,32.15396437278105,
44.099624885308,41.57702482663626,34.837498982748,82.70982428158095,
43.81808302137506,36.704847601688016,55.44523468017542,46.08799896240271,
37.09831177242086,50.679135483960636,69.26022193545396,46.352411123421916,
48.920501951055485,84.10995744977663,32.843165235917695,1039.134000142416,
45.70567148381997,82.66214655095791,44.88524754842183,69.7136758480483,
92.16780178363479,36.74928849084063,37.96183261871374,45.16624178205166,
32.951112535263746,128.17332985287612,2049.2437004793264,2656.5664534135303,
45.11080970764124,56.51110967000204,43.3582761911257,43.75213068181802,
42.39481947157037,38.89964246005184,49.119317009335646,38.66854183490432,
34.301785877773,50.95163459108517,46.46675188314475,36.64916318257565,
42.52762034847365,72.73407690865679,34.749080882353155,34.163666587170155,
50.74099345248578,444.01044573102627,31.390202113560008,46.316499328613645,
100.80668913716181,43.90272531509436,64.61161470413208,27.7531082076257,
31.565829768409458,70.89956563313899,39.49146697215474,2281.485184693949,
1217.8614057367504,103.34357342190197,1821.6371239980072,36.538187587962966,
35.35366055459781,38.778478486197855,43.032450721377245,54.316309066045505,
45.73598766326904,41.24809764680322,38.39908686551098,34.19482199668164,
30.178381792704386,118.19083296572353,1180.4377314249687,37.16870752970317,
32.42839634724078,30.33212243942944,80.2248306274414,62.02438087463452,
32.024025811089814,38.3192476545064,38.909860847108575,100.49968834616811,
48.619307926723195,685.2494275410972,1484.74214272272,745.9089487249203,
39.14808853997238,48.98215980529858,34.839529598459194,40.8137910630976,
36.92017676971591,30.28618261549127,69.95039812723735,38.21670187135351,
29.638452529907227,40.979553646511704,130.1082352487665,39.01298561528529,
39.62089157104492,41.330238050824846,116.75745582580566,39.21573435465507,
343.1361823937823,41.38910853068046,15.916721637431692,60.76901196210929,
36.97468583848786,66.50007898667354,87.02650270963932,26.256256396953177,
46.9708045959469,40.872691434971784,49.0316596561006,53.17999966939351,
29.61400032043457,38.56588541666679,35.45927255799688,31.48596038818323,
33.29650884604962,56.44036053744276,30.023668405014178,40.63475112914966,
130.87194285673286,26.047190593852065,91.1127209382903,495.86380218920203,
36.61671832325919,62.5901741949674,217.73573201497493,1194.4084940690263,
33.82085501268011,39.7722330729157,33.05814746642318,39.17029121883752,
32.708177538241216,546.2567008972164,128.78799400329626,248.46098931029337,
1191.5871620178223,32.440014775595046,209.16333082161873,121.05787071349187,
52.37795208787065,33.291157531737554,43.74080123901331,38.813597869873774,
39.70147270626512,34.84060512444921,1070.562668620676,1263.5484382084433,
140.04566786024225,42.63742263915992,41.49816357421696,39.80834119747851,
141.46673329671285,43.91943783230272,30.864833657258714,38.96618706140907,
168.87389034695116,47.50379962921215,690.8527232578817,37.277447986602056,
42.52080402374304,229.1968267036209,32.350254040504296,29.97281577851936,
47.358498096466064,34.99246575720099,1058.4265752618958,35.18311069500305,
40.24202581552345,43.30229797363245,14.571730635359927,35.65433141920403,
19.944690568107035,28.13442142193162,32.971396801518495,43.209202719734094,
160.71123301188163,326.45155215263367,39.64673794630835,42.107018062046336,
48.601998986137914,45.635309764316844,77.20369180532543,208.99137496948242,
39.192044172750684,28.406201201600197,30.08539363665659,208.03999952836602,
30.39463025047553,45.19688034057617,48.08165536608067,24.1617340087887,
49.74221991645027,36.99499849160384,55.117349362373716,39.54532366031526,
48.8793812144886,36.11681101872455,37.00356821806599,42.90639858245777,
152.55709592627318,66.09036865234339,29.220184450836314,42.102115440367925,
39.012542724609375,80.01393566709703,42.50980420421547,3159.9576657613125,
37.12533449394141,37.9626686335414,67.77279145376997,685.0355977376312,
36.699247784084946,69.63281271798223,30.171175003051758,50.085164835165415,
38.13693560086722,30.861419090857453,2119.125625866802,2098.5756927066377,
37.387987590971534,64.53028324391926,32.88491249084473,26.03744273715529,
50.32937741279602,237.72905550870018,14.972350998828915,54.824435554632146,
56.36857258189775,50.94446538950069,50.07439357718067,70.63457266489604,
32.44770391504244,33.91354597182362,41.664908040653245,57.62927837648385,
32.75836639934096,28.204961633682615,29.061084535387636,1687.9630862809881,
30.695415699849036,38.85283152262309,77.7010269165039,37.518414867408865,
108.81567767371052,175.12965895455636,94.41110420227051,39.960043080647665,
40.251415676541,38.58900308609009,31.001996517181396,1155.9114722145932,
34.92623068507601,36.23980903625488,37.438661492389656,34.497493551234584,
55.70923857255366,54.735829035440474,43.846915360336425,32.68872909545826,
39.58617528279501,33.17381191253662,56.630544662475586,34.953347548871534,
40.74296727861656,43.61935538923535,37.499639783587554,29.77115435545784,
39.1620561811651,43.690207645164264,2697.6553115844727,35.58889550465392,
44.44440163506442,28.972132438329936,29.4460325891323,1354.276376029773,
31.498127677223238,46.54971669514998,46.24638864617555,27.345199902852983,
35.314484765440284,56.2397542136041,33.32852604028085,37.154841336336176,
103.53303938843237,33.699764476103155,39.39733102586615,37.701427380306995,
41.57461833897105,32.95837301956999,42.990470720089434,35.59755597795811,
40.99459478590143,596.5299665597777,64.5890352884926,42.33197106255466,
39.555568259102074,35.59942681448956,46.56164810984592,89.66406665378054,
39.70373119778196,57.589396476745605,752.7083001889678,34.648104531424906,
329.6656131001273,65.51205158233643,42.832312507147435,37.01679992675781,
81.92173600995375,29.930859805375803,35.27450276469244,34.29457655686565,
35.546662012735396,49.629648208618164,38.05043973420834,32.17317602290677,
35.38098017374614,52.17989730834961,64.412210591634,43.62766933441162,
51.455915949894916,113.19730425087437,38.00218102870713,41.673331669398976,
34.99120635986401,76.5942169906757,40.424631819572824,975.3188900417754,
56.81388863718348,31.746851239886382,38.534138308632464,33.32808009060864,
42.784665425619096,145.92038803100513,26.249756876628453,38.37990904374419,
28.64687122442774,33.66670142321891,46.25957238333467,36.664070496191925,
37.37111736479346,40.883096193012534,65.71093076070247,43.408255925545745,
34.38171604701347,40.483450753348734,3332.460369251394,38.610995292663574,
40.0349995930992,23.42752170562744,134.19219857675125,27.705510105404755,
38.862388356526935,39.614699431027475,29.577012198311422,130.38803482055664,
39.493765356601216,65.47107543945276,47.33574803670308,58.624797058106196,
1895.618250297779,16.22017701466939,37.163636403791315,41.9412825260988,
1005.8359921773281,40.75624874660025,42.635996785198586,64.35046037038228,
89.99048372156358,74.22500000000036,1425.8947368803492,45.8976013183601,
38.665221405030024,625.5365514901969,42.67359281053723,648.4652468363438,
30.219327016427997,79.38042496189883,40.13519935608019,183.82234099251946,
51.701253128052485,41.12093734741211,35.040252522059745,28.727749498933917,
39.95450749116753,35.15136766433716,36.99889909653393,42.835981607437134,
41.686579132079714,49.416342955370055,2120.617331822712,28.402092742919194,
40.77973073323665,41.86514002482181,38.1311290251906,55.30437111854553,
37.490171644421935,84.75440470377544,30.339132181803507,60.58304228062116,
39.23155424329889,63.03041648864746,29.719912465412563,111.88534137180795,
28.19038694045048,240.8693967183426,112.2766274812675,398.5666367250342,
73.22612424578074,46.171482510037094,44.431833902994185,37.54882653554341,
148.88435324644342,399.4144236998127,38.917077382406205,599.7077584971557,
53.01066563924178,39.62938454037612,116.47843757042574,42.21516908918056,
39.34303353049472,108.48272550907132,2129.7643607168484,1113.6864745730454,
1904.9670070829852,37.94096797667771,27.710109311734413,57.6921740445232,
42.01962820688823,27.791207072499674,24.856662495931232,48.18550246102495,
32.677457936604696,86.29130914861526,43.34240112304724,95.46746088663713,
118.43740091568361,427.68212400163975,35.5108059199174,44.3097493259429,
511.27625045776404,50.334058588201515,33.16056374942491,37.09297399520801,
125.2588228498189,43.779139225778636,40.32276797824488,31.620460440108218,
43.12089920043945,987.0658342766037,26.447554868809675,60.49921798706055,
41.69371577671518,111.60316152157975,59.79840003119534,32.678830622875466,
64.0583333333343,32.55771222795738,33.60157956546209,3413.7740593544113,
42.559084203508974,42.93419865199576,30.50586061138347,33.514946161452826,
185.7626850673132,33.54030814537691,33.963441408597646,27.703083190917823,
52.89565150921226,21.942475164503776,52.88876127763251,18.462444883403805,
47.53307780018986,99.4087021300893,222.89342729128293,38.247651004790896,
37.43419952392651,36.23101199181838,58.161251068115234,57.05083800807188,
37.425537533230454,44.48646497178379,39.50950345646561,37.5567966502349,
40.441536622889544,49.67908350626567,1521.3318015313907,40.48161338357386,
37.92476272583008,65.98722675868521,34.976148732503134,81.90870425973299,
0.0,48.64261606389846,34.87316692236709,33.238342648459366,
61.427300407773146,37.86916236877369,54.28630360584248,37.98016955223284,
39.07641470772978,35.75514367910546,42.502246929348985,73.09133856637163,
33.690208435058594,33.204423262855926,47.99849927993091,1090.269520006681,
75.68979835510254,30.084812774430247,1555.271601577031,,
43.41046422662657,34.69725375705275,35.436668490685406,,
32.84008362243185,59.98812484741211,40.28465201638028,,
41.96319340297305,35.114605404081885,40.199694739447295,,
25.029998736910784,45.73190654407881,40.52794004167845,,
31.078213391985628,27.275807069478105,49.15506844293486,,
39.68316078186035,43.596899968926664,40.28158950805664,,
32.56209809439497,56.597320556640625,2289.6198927872665,,
34.765982373555744,41.505617777505904,44.9868542262484,,
33.44442385718867,37.284863366021455,42.59190411037889,,
89.56850972251232,365.10949325561523,62.33790596553263,,
40.54084540858457,1109.4195494692558,79.08473587036133,,
84.0698610941563,90.29014402117173,536.5054353078212,,
38.54437780568696,34.83667168250395,38.24333314487012,,
29.627669254938155,35.76297235199854,50.69210192222636,,
51.53033462128042,30.483601153981,369.9719854990635,,
36.42399597167969,723.5773468653351,2237.6421463706283,,
54.67585542466986,51.442730053317064,36.519896697998774,,
41.04434076944926,42.21143014090558,28.18104127737206,,
26.061184406280518,46.24666315714603,34.096577453612554,,
37.29708164229851,54.953702109200094,49.5005442441161,,
34.92812395095825,44.5122420628868,91.7509536743164,,
425.3597608293803,63.22979100545308,36.86446465386325,,
96.83645133972095,238.135103225708,35.703641228927154,,
33.832970625870075,31.492460632323855,39.77113634745183,,
32.31006967453868,32.81218237347093,51.246539772329925,,
30.656956990560502,40.025719812181705,381.6994209895074,,
102.12824753981477,153.48452835082935,2304.5047083767986,,
25.167348236022008,312.7859239124118,41.975379039624386,,
42.03204091389853,132.05750961303784,46.48664970398022,,
39.383487362332744,41.4611140659872,42.37046116233796,,
426.3028821591979,66.57783273086352,66.42179828219923,,
35.69950849766428,49.75409507751465,3239.6834568400955,,
42.26106703016376,36.282663241299815,40.58201374850432,,
39.36746419270821,287.0085477011544,131.09806137084888,,
133.906139514218,38.16363398233989,34.30280337863405,,
63.10186080932726,35.45059623718225,102.675717486758,,
36.69318347507033,24.895553980708428,43.35999806721884,,
40.82518790562972,66.74488839043624,20.324994223457907,,
709.819170633953,37.64483285631468,35.4582868303587,,
32.07709930882265,31.595032755532884,34.73395476035512,,
56.11539077758789,43.65840148925781,34.7613328297939,,
27.601716818640853,443.7714822942562,42.64625280043583,,
34.38809031532037,63.720124063038384,681.9173128532639,,
50.15749475690973,148.04265594482422,71.92801914793199,,
76.93609954371641,38.150987394563344,22.65711701271175,,
42.74637567429454,61.08799446953708,438.64072654846495,,
44.09120662913665,39.54794614965249,124.0379242468116,,
28.7729722159238,1756.8213364708226,37.73365265283974,,
56.95115387745318,227.4444715574191,33.06267670525449,,
35.17700883769612,56.268649291992915,53.75800333437655,,
89.46982356480112,430.44845381971027,40.6656848222774,,
30.650843690491456,92.11258273654494,46.13983154296875,,
39.51351480169615,37.0265833536796,1185.145340659401,,
35.11748368468943,117.05559904915935,38.399164326985556,,
36.1375036239624,39.9176482576313,147.1962733549226,,
100.20036098773562,56.17603757783945,38.39878162202331,,
32.06396312713696,81.61142150369415,92.05181935333894,,
40.272452763148976,1486.2369037809822,43.57707968637442,,
46.798426389694214,31.450904680334133,18.04089660644422,,
32.32334035748863,77.59222327338466,188.36033287601094,,
37.56776428222656,24.620921071369594,99.98494914221374,,
29.646293570778653,280.8632110868184,36.84533055623433,,
34.34928623835185,32.54999999999927,102.60031272040578,,
38.030983664772066,81.9352180679125,52.37832155227625,,
48.31045272133633,34.691660563152254,148.35760002136158,,
51.520715887898405,39.13464284857582,32.164955715696124,,
32.96994803762391,40.88924980163574,33.35578838147558,,
39.537664217827114,53.73713032404521,1412.8056407916501,,
141.52646108774024,93.93774682074763,41.42517416817827,,
975.7105847872226,225.0968210697174,35.07552375228806,,
33.89083011333787,70.07373497702793,27.113670095761336,,
118.58915456136128,52.3291687343426,58.28143074428408,,
71.39050286913516,31.102922282043437,1019.2111207228445,,
42.04493478628319,49.12240052917514,38.6106350238515,,
37.87859125726027,38.293600463866824,428.6203606345425,,
111.18158626556396,75.45769653320167,55.832041184668924,,
506.80602712479777,53.27978997367063,1273.0501792214145,,
37.60231296599886,314.456936724775,42.55175409317053,,
32.47040412539536,38.645008632114696,32.44622511612761,,
27.630825416714288,791.2087936401367,33.84531266092563,,
41.1029385390284,623.461350758871,67.20139579772876,,
33.3594321356868,45.372071311587206,39.740834600275775,,
56.341065216063726,45.06153459549023,33.50104364722756,,
74.0131843884792,36.87361508049253,311.27426887380716,,
38.33128228342321,39.140351955707956,65.8616411421026,,
43.27227682537523,28.158152947058625,32.50873697482166,,
33.74022045764286,34.98512467278488,34.80261709175829,,
48.84557247161865,37.92959845406767,45.92698525322885,,
44.925499598184615,38.49119811431956,551.6758395830784,,
35.208221502865854,577.0153257692018,998.5089245769377,,
41.49435433281906,35.066405821611625,31.45246737610978,,
32.027488970290506,281.90166431003126,21.829591017503844,,
36.220830050382574,40.9683320787226,661.6009169933841,,
96.21096267700159,32.138849385579306,69.28852931658366,,
41.93592605590857,144.16951388404595,44.60559521299547,,
35.43224848466707,43.894690195718795,32.63480592207452,,
35.92702247982925,52.21805742051947,21.349731172833344,,
38.8255562127797,31.512064731483406,30.90083185831827,,
33.258171277168,149.34283277723443,29.52413558959961,,
32.92909097926531,159.548939187187,50.10812632242778,,
56.70947209233782,95.2938943590434,32.64344964652628,,
58.60706499698972,47.57279701232983,94.62416542900792,,
27.919874136787257,40.31436487344581,59.99752371651812,,
46.52170158155059,40.624568939208984,375.982836053312,,
35.5864974975575,31.53121280670166,33.12711353036866,,
251.51636810302807,40.26750912136595,37.41408238691474,,
34.024623350664115,41.86640167236328,51.03496696835464,,
54.44266976250583,215.79907571026706,1515.5942391628687,,
31.542130279540288,43.021247016058624,54.357295989990234,,
86.98200352986714,53.30140641156322,55.88552602132222,,
45.06639330315011,106.77813720703125,40.493362971714305,,
35.58689546131063,62.598674678802126,74.5118698846727,,
38.70686054745238,39.223100662231445,33.39223512524768,,
44.76493349645898,161.34501566205654,51.49073267126187,,
30.34393943302348,36.15043536099438,34.920441677695635,,
44.47531814575268,1720.6864449264667,70.45713760739272,,
39.69311735365045,50.41372368552402,38.95835122002427,,
40.514309008916825,52.06480026245117,50.52560940036528,,
38.24749200994302,31.332774323107515,39.77846145629883,,
45.55977291531053,885.2939997355152,77.92777583293719,,
27.98518972396778,38.000663333468765,84.06201767191851,,
44.49823591925815,34.849770147149684,26.308178864515867,,
53.812597769278,45.77809052810517,80.79257659912037,,
45.46449025472066,51.436211140951855,35.706152234786714,,
37.54492651419059,35.95367952982633,43.029335021972656,,
47.859621730603976,32.248507218620944,66.36887385936825,,
49.17220350412208,51.50184745788647,47.60831038318065,,
34.38378429412842,35.242452885555394,44.483476069066455,,
47.13388082330857,49.800992829459574,35.70650398617727,,
1596.36439190489,61.12521471295986,111.94166819254679,,
41.67489115397257,109.83477503458744,413.0512831744036,,
36.92900426527922,172.2206211090088,40.35753165901406,,
32.65751629783881,46.74393258619784,32.07469076511734,,
74.67592239379883,91.318282183478,56.635245154886434,,
35.67376085230717,37.851941563865694,38.26089241243426,,
104.32261621384532,46.18749639722955,36.91837501525879,,
34.45353524775783,38.558967287577616,61.92213338216061,,
37.282798512776935,1048.4921459422403,26.775177965644616,,
40.88890089546294,44.17900085449219,35.800650652716286,,
35.40867505754795,37.29635966907881,885.5016837120056,,
55.66842436179104,26.948878860473997,42.46527054730541,,
75.67290782928467,38.94684843673167,38.52058550890797,,
33.1439997999405,86.14587105645114,58.32834180196187,,
58.37349796295166,59.398259719213456,93.7875960213787,,
39.43176411647437,62.00752875829676,56.059165742663026,,
43.07544455895186,42.715862819126414,26.57600648740663,,
57.49667685372515,32.32164783477856,102.58169265020479,,
104.07520070393912,248.51938381195032,38.826199340819585,,
32.65070961096717,330.24695603080727,29.873110347323745,,
105.75969590259047,1139.2142857142862,749.6864463528327,,
43.38783340454029,199.50886583328247,321.8337711681015,,
46.90853977203369,324.8379437128697,32.10966466267928,,
41.249783440551255,41.92171205793238,42.08542964534172,,
67.10624938841283,38.92936733790884,35.16547931768946,,
37.448098564147585,192.33372717124803,33.60855958121101,,
51.940265528361124,1739.2206289117985,37.83828269110745,,
198.19364846021745,33.78962254524231,38.75716012291741,,
31.20385496719973,29.62069428873292,87.88148908261974,,
27.415778841290376,38.93889842313911,38.507992426553756,,
49.53608449300191,39.00508468955741,34.22869921487472,,
42.400245412191,38.65999712262783,32.53399749755772,,
46.36121735698907,56.71174736023022,109.24714813232458,,
31.119410673776656,36.689049652644826,33.69614432198614,,
51.713935389663675,40.51845169067383,57.006145381927126,,
29.753959482366554,30.797604973940906,34.9629987080898,,
80.06675447736416,30.291330572681545,53.21299730936698,,
34.23678730060419,43.72889757156372,34.28049850463867,,
34.24714965820385,39.363184066045505,37.99263636271098,,
53.798097428820256,45.000836435954625,889.5643705147813,,
39.590428652081755,76.1980005900059,38.17840013049863,,
40.14810292377115,45.198212601921114,42.70347362661232,,
36.400225975399735,34.60740023968174,202.0839818318691,,
64.94000129699816,47.21628494262768,37.08789622319091,,
38.4884956359856,81.97858494459979,35.11956091488173,,
142.66545578927798,54.87511098952382,35.567921956380815,,
83.16176470588289,42.05941244272071,39.87919921875073,,
38.255949401855105,28.262431667702913,718.0254844216743,,
53.470272064208984,54.26005504205932,42.78580777056777,,
42.82376776801175,51.13399623689111,32.623997908371166,,
39.45314045108171,35.644542607393305,575.5465133536582,,
49.989526367187864,34.3917236328125,39.43507737379878,,
35.50506286621021,83.86020125004325,48.38049952189067,,
505.75039749145617,41.61733182271382,38.66846292669106,,
40.556520843505496,41.80449787813086,31.62787365913391,,
36.837352249989635,35.6878998096181,33.88751777608013,,
170.40825290680004,31.955712421184217,44.816835784911746,,
32.00304705201597,32.21869964599682,52.381561279296875,,
49.27314258757178,919.613627079556,286.81409290858755,,
33.72417335510181,45.100654302859766,45.1788464049223,,
39.717107252641654,40.68162034290617,1213.2688869129524,,
44.782627481401505,168.88057178645795,57.63902537027934,,
49.67277574939908,26.522869427999467,28.99531416211721,,
41.16542112672323,413.76055290585464,86.29143277336516,,
32.96080051768877,43.758510785224644,1043.6114408704962,,
49.81506298578279,64.71560713337931,1129.950102926301,,
30.67493513518275,36.539965050853425,11.988026816681668,,
64.31620855014262,38.908165613809615,45.057085927326625,,
100.20299764779884,49.559998321534295,41.182160059610396,,
97.83529411764721,31.7127553667342,93.6356138610845,,
34.46004295349121,40.828144890921976,2231.3037329779727,,
31.506399536134268,134.93566950017703,627.5779707581842,,
33.94296616914835,54.185599708556765,32.67520610264364,,
43.30671628316304,42.35821437761115,43.45034373271483,,
129.7445711771652,53.09946085611955,37.74171625581948,,
39.16216762017393,42.514283861433796,28.790907832553785,,
32.72687283684172,29.650832239785814,1410.1824426439089,,
243.69493948129457,44.662168490340264,44.97901508106952,,
38.940627098083496,33.21304937509376,38.47142137799892,,
40.18399866218351,94.2600473403927,35.78688534823414,,
34.61840019225929,60.9125933329251,52.838222079806656,,
49.7827202690969,44.393015425544945,34.9352569916864,,
36.89969266581829,36.710986667209,99.51799431825384,,
52.40699450174907,39.326222737630815,634.0295369074884,,
41.53566514954764,29.79039863918115,34.741761016844976,,
40.86661163031022,46.69611146714851,41.28779663086061,,
40.98717160906199,46.50412358178073,390.8659196333447,,
45.38584447339417,36.977996826171875,14.410753351479798,,
36.77966629664115,64.67616729736255,33.00756497149632,,
25.090861070628307,40.75686168670654,37.37155073116992,,
38.19906915937099,35.56222419738697,45.93957340016095,,
105.61866714307871,52.32386703491284,35.32548652640071,,
30.990249488870177,39.403255615385206,33.871825291560526,,
37.50647222695261,33.06560058593823,49.20207331040365,,
879.2688925606872,363.2418040225384,3101.9776131241433,,
36.90342535380478,340.41995638892695,37.815352081834135,,
51.5629046758022,32.79444574741501,31.48549728393482,,
89.74222831726001,42.00665918985942,41.65990485921975,,
30.43862599537897,31.375493621826536,1463.7062178717715,,
1073.2608934898508,94.69830798524708,1597.8356524942374,,
38.91647252582334,32.70770111083948,35.1622884950757,,
26.958858680725825,66.46874566355473,36.976218785994206,,
33.58499445233974,38.34867526323251,48.479825930162406,,
455.9707472059454,36.71909220078487,38.237284804836236,,
42.35634231567383,269.53284011840697,90.69824838638306,,
79.84739735921357,48.14589004516529,34.80743606773103,,
43.299398275521526,154.2695348830439,39.47087191720129,,
51.52747944202565,163.18642725496102,104.98984347449368,,
42.072038014730424,85.6172367640902,38.321602747990255,,
36.68386967976949,28.056089330602845,44.839927419026935,,
31.05705789419335,82.71696045819408,29.753136226108836,,
46.050744047619446,40.25165226597528,1394.0026293860537,,
32.879166666667516,35.2949572476482,124.00643970440069,,
46.27122929890902,48.14619827270508,42.31974124908447,,
38.64503636079644,57.672914028167725,39.95570237295942,,
37.330811245537916,71.3090467029142,37.38549074145158,,
38.606486293247144,69.37906150817798,1611.7305553609676,,
177.21299977983836,31.717408832750152,49.10711313883439,,
41.65297503349211,38.53899485270085,38.87147776285747,,
63.13740791593227,169.19168715043452,41.56569791394213,,
41.61842964857169,50.79829718849942,26.785401126981014,,
37.37716515859029,217.75884470864003,32.323384433322644,,
42.72372139824802,54.566915239605805,46.49480797903925,,
40.62355640956412,44.89849703652544,14.149885177612305,,
34.593600463866096,59.140345510642874,32.936109810394555,,
84.61480736732483,36.41206231117212,37.96883760799028,,
34.45199654780663,37.834967719183624,32.24196788242807,,
26.47363541921004,706.7420746196403,31.941098040308134,,
26.791394320402105,48.4371280670166,33.26715574945774,,
40.43377439710821,95.81488682673444,655.5540263782841,,
50.69159035060693,45.70610029474847,37.3329063415531,,
40.714735303607085,27.88102166549652,30.828691260885535,,
37.411133929887,30.147596486409384,62.5562481880188,,
189.0691819476251,38.04622056749213,55.907217767504335,,
41.30419502258337,43.375804314246125,1990.560222071459,,
33.16424204508439,32.214556676690336,1305.9676380581332,,
32.11933617413342,102.94729153315166,41.852206550747724,,
36.40736389160156,35.433879343667286,611.0292318243737,,
292.33559061686174,102.45173828437328,52.07774677276575,,
27.096790667072128,63.5344055175774,2005.7488540612558,,
51.75149451361722,44.47059003044524,563.215930431872,,
40.10249773661235,1252.09734697342,38.430301593094555,,
42.96333344777486,16.28264334542473,47.957027762276994,,
49.0838387614549,32.812212175858804,1249.9745223999016,,
32.48571441985587,164.1552871255317,38.038133748372275,,
40.664788763862816,34.80132062094526,39.68638544082569,,
54.22901959330011,72.90210151672363,34.0777120088278,,
24.093365478516716,38.09640227831369,985.6509820050742,,
43.35789089202808,38.124869846162255,42.977409276420076,,
46.42401531764517,308.11247088458003,36.91508813337896,,
46.20527094060708,531.5981550950273,54.213898708945635,,
1145.7375547335705,28.5478375752773,65.77395534515381,,
29.623627090453738,41.25890134551992,115.712816385123,,
134.43160814227485,108.33862495422363,78.57302139282183,,
98.41419514974041,31.23365044972161,30.21305107648368,,
802.2841468811039,62.65474139942853,266.21542212381246,,
33.30560153550323,50.9761898252691,86.51463520716061,,
37.3046875,42.68752695719377,922.2167787344551,,
109.79942668568037,32.01904908437609,2759.6049076867494,,
38.58464377267046,70.61145909627339,65.53411534627412,,
28.075033569335574,31.49960861206091,36.63625018751554,,
34.63099765777588,35.718930233226274,41.47599928114141,,
126.85473775863647,50.80918015374118,1708.6636434392876,,
43.75195121765137,72.2432539803649,36.35417400709957,,
38.08638851459182,37.50639783073893,29.690789776852398,,
45.302804099188506,43.839534078326324,30.979747639894413,,
39.45199121213409,52.707519894553116,415.6799502902559,,
33.743534564971924,559.5253346761074,101.20731307135611,,
48.70714376343858,36.90472615559884,52.62327164158705,,
124.7348687587637,61.639568487802535,48.79903477370135,,
39.392329915364826,34.42132707075689,51.160754463890044,,
180.41473153921288,54.96443345811713,35.62324098859426,,
739.7514261669585,138.84862213134693,39.154029493571215,,
30.803222570204525,322.1290532892399,42.94464259677443,,
45.707556656429006,36.95510050455778,2428.7290631612123,,
32.045768949719786,37.14681285511324,50.31973888297398,,
340.3992928398984,106.53470036696308,39.323209285736084,,
53.93560606100618,52.36792787824379,88.52127630060386,,
69.50755001249854,116.55699729919434,47.836156502748054,,
62.49073591965862,48.85828127179775,35.75999447414324,,
60.87836930731828,731.3609304989077,1025.5503005981445,,
40.885772358287795,35.520828882852584,1829.1578150580917,,
55.34296365217779,40.18764114379883,42.93914420788133,,
40.99987452580535,41.90773569742851,559.4409090909103,,
38.998749757425685,82.58373063375075,67.93333276112935,,
36.07730345292475,63.097663413152986,56.09323196056357,,
105.60233382022852,36.8172492980957,52.27805741628072,,
33.39950025002145,44.43579917471834,153.28451004028284,,
28.372100381289783,40.91178925832173,28.564454555511475,,
1068.0551069895428,38.452034790321704,13.656327514647273,,
34.74423788853164,35.38812092372427,37.31090402195514,,
221.12616475423238,37.729085305723856,51.493197048412185,,
27.818385588278034,42.995828200831966,30.846909659248922,,
38.88139130554373,48.55771391732378,1524.40729675293,,
48.508431159125394,38.25110106011016,1440.3785384178154,,
601.904829545454,41.44038933555021,54.146031634012616,,
39.97793061392622,49.44977442423442,44.173325093586755,,
35.1000797907509,92.44006396206896,29.19713884338853,,
31.244937896728516,87.26666768391988,32.230284726007085,,
123.2836238316122,279.63159400697805,33.561376221137834,,
37.23402838957918,66.97378129225581,1984.0750479086837,,
33.02728400537853,53.564967290592904,33.27239885330164,,
35.676038424173385,76.31606129237662,64.7853580898718,,
34.72918354845024,43.8819548712836,115.07371303013315,,
30.405485788980513,37.839679899669136,54.20130068461003,,
44.68773771013548,54.15281295776367,34.16136084662503,,
447.5861872037258,38.593778882444894,41.67432264848139,,
1166.3849341652603,52.569123665491134,82.57837813241167,,
40.095365312365175,33.30122756958008,433.42899485996713,,
66.37506083438348,35.91462821960522,43.57714335123637,,
108.86669731140137,114.07439727783276,36.88888888888869,,
54.515073890361236,36.94890175443834,1328.1211990356442,,
46.16174011230396,426.60025302150825,27.56595157441552,,
37.60261611938404,42.26916440328023,36.09754180908203,,
96.356406716739,103.93571128845178,33.39592662002178,,
46.6857967376709,66.61554209391215,36.84359134327315,,
38.23973541259693,68.36734610164967,29.72999334335327,,
41.15705420754239,317.1174375093906,38.15380564150655,,
49.87199656168559,42.25415003800481,54.16508343345231,,
1147.7714436848964,34.96038077322373,1090.5765360514324,,
54.19128690046455,123.25007002694292,47.87901018316006,,
35.91036942425853,223.27666727701762,2533.347984059652,,
42.13230500825193,40.43661782476556,39.96127700805664,,
49.58159942627026,58.6226065158844,2670.318319285998,,
36.002695628574656,28.719408146540445,43.19758593278311,,
39.76393152872697,47.52095340547021,36.78806027499195,,
55.70533633232117,37.55804541870748,40.75584598793648,,
29.371556448559204,265.20966800053793,38.69551145462901,,
54.38216717103023,99.68035507202148,93.86196378072236,,
64.7723686218269,42.35156309838385,53.52616708320602,,
56.1988940899173,46.38132921854594,140.91921710968018,,
59.39157115391208,37.48180728488478,31.834993871483675,,
37.77694650329613,46.387593702836966,42.95998668670654,,
47.16179077583001,59.42782783508301,42.367251683795985,,
40.6937820725816,432.7022568412449,23.18402524015073,,
51.47514046563083,39.62425633480598,95.76172491220314,,
41.14467512766532,45.98440272013431,43.5505695040265,,
35.09893536567688,61.61624685923198,35.46892852783276,,
39.898326284235736,34.68714981079029,3682.1612136840813,,
88.68212490081714,43.13362067086382,48.85457897186279,,
123.70336916730048,34.180564880371094,44.811463356018066,,
27.868372930684927,22.428006172180176,97.21703296237501,,
47.90624836513052,780.3485849168574,30.514734983444214,,
33.94122259957476,32.627699184417,107.8066660563145,,
82.24570901053448,288.4993723188127,36.78128596714487,,
35.0541655222587,44.032135009765625,40.05202125780488,,
736.267389779563,408.5335818122421,31.30502823500683,,
40.347820724759,32.69100643548518,38.67120752579103,,
429.01234436035156,36.341258948188624,38.291780047946304,,
410.7958473205563,118.97142857142899,88.98255801200867,,
38.97280395732196,28.556849670410884,34.04756724392428,,
63.97718906402588,247.9435551961269,122.17187054952046,,
49.090655899048215,189.08551905705463,41.43072427012885,,
109.95585223606577,37.240499223980805,36.156680714000686,,
124.46779187520406,59.534041086832076,150.63313929239848,,
33.372588764537795,419.41495709541414,45.13828269173791,,
64.28160072748142,37.54670193081802,101.12354042360312,,
36.38333366030747,74.44500017166138,35.268950117773784,,
38.582526471880556,77.2226212618043,43.812539187345465,,
41.311730109320706,165.0828159332268,879.0491857088527,,
36.06012878418005,80.10714386321524,42.51261435056949,,
106.27699737548937,38.258643170283904,56.52600688934399,,
52.841466691759706,27.157331678601622,1379.8472746333373,,
296.6285077953762,69.38120192414317,41.709740777299885,,
36.1344522329473,141.57584457397388,41.542205696430756,,
232.2953147093449,112.17393923672716,52.472877502441406,,
50.44159817165746,35.749046280270704,34.40626709135722,,
45.6530724934164,49.156845940484345,41.32589285714312,,
38.24503470829404,40.86956398703842,33.28091704819781,,
35.41752632336829,49.639570158034985,36.22149013337548,,
225.11346798373415,383.70577324761325,49.047011768116135,,
42.1460030715898,67.19734994467217,42.89304851034831,,
52.086853390646866,31.40207747574641,36.247700199935935,,
35.297373453775435,43.37504959106445,54.020152130127826,,
35.71824220929739,33.180176871162985,51.46968278841632,,
39.11903897417142,106.50550206502339,47.38546138614947,,
1977.287690012079,46.275658198765086,38.345809899123196,,
40.21360066731722,104.23294396685742,296.3432384672615,,
33.06820661149686,40.7438586739936,35.158664385477095,,
46.118394638782775,41.1505590959041,49.87193099430624,,
36.82261624055718,101.5449694929448,35.708133544843804,,
29.556832631429643,35.2082221984856,26.3089656829834,,
40.50029754638672,58.578968102592626,45.450792585101226,,
52.09371631176509,45.06103435092518,37.82495238288902,,
32.75556492870783,103.16327412923238,39.58682783444783,,
53.85310098785703,77.84715597970171,60.93666712442973,,
56.173556792431555,43.546931966146076,2639.755842108476,,
32.84021465417209,76.00606845673974,33.3663130540117,,
40.06998078161996,126.33911695327879,40.98005676269531,,
38.69080949441013,47.34805947083623,38.63068018204103,,
38.63867765154282,50.184474064753886,43.706074523925054,,
42.73049851826181,42.852121295351026,122.626612345377,,
38.61580875941763,39.816068497915694,42.79510930379365,,
681.056446781864,36.89400198194562,42.833332273694396,,
40.51556375943619,197.22500157356262,,,
154.06400019327702,41.702080090841264,,,
40.88666760444357,31.598439468451033,,,
58.70277701483792,137.46996579851475,,,
119.86126868100109,323.5499988132051,,,
44.15499845092745,184.0665126645199,,,
38.07750040690189,46.55180604117231,,,
28.54131469726599,49.36999155680314,,,
73.75977616743694,81.76026916503906,,,
38.1036674499519,168.979043809195,,,
36.95294463328901,117.25175822864912,,,
403.19336000525436,42.666636149087935,,,
25.84565615741667,158.2938190806999,,,
37.823614218799776,52.8655971527096,,,
439.0380032857265,36.57982961481321,,,
30.763690609499463,41.629720801147414,,,
39.722222222222626,831.4418612393474,,,
44.38651039725846,39.5083873748772,,,
65.66989585680858,34.76780711508218,,,
29.753424692153203,53.43996706875805,,,
36.89274806976209,32.43125057220459,,,
32.37771814519692,45.80962371826172,,,
39.31584702116197,51.05493224516431,,,
266.3939309151974,59.47924314226475,,,
109.28576138814424,40.05733914375378,,,
32.94451719585231,32.92388905659027,,,
67.47042236328161,719.0689432934068,,,
360.4875005086269,31.083410559760523,,,
45.41833350771958,39.71793455419356,,,
38.042679468790084,37.884030790412,,,
29.68488548244386,42.54237604141235,,,
34.98418644496451,44.67436861310671,,,
48.82850283918742,492.8166235182016,,,
30.83474622454014,49.53237471621287,,,
29.780379245155927,52.11669853406056,,,
27.6347713470459,59.64350287119487,,,
47.57577260335347,44.38325021781202,,,
1024.9700212751122,38.50750106420128,,,
53.038326263427734,42.50581305367632,,,
31.33619160141825,51.09623718261719,,,
70.26686577858345,36.9246764040945,,,
46.745045961763026,37.355552673339844,,,
40.609789041373006,40.04694584437857,,,
704.5934070964449,202.9300618171692,,,
35.74727467128287,58.006500244140625,,,
106.45573827570115,114.81120173136333,,,
34.84647572835274,44.55519752502369,,,
35.629215240478516,50.28135935465616,,,
35.27018994825994,32.878192299291186,,,
27.70963008754552,30.308828568997342,,,
131.07520224543623,96.47541893853122,,,
58.08273629581163,134.59365835803146,,,
60.72639529888511,50.330678361833634,,,
33.16576912619712,358.7778595372256,,,
38.51442790632609,255.3552040100094,,,
436.9118306477867,137.9481018528786,,,
64.85759468078686,34.323683057513335,,,
39.501334381102424,39.627165222167605,,,
47.61105624304764,531.3108435585382,,,
46.50272051493448,39.82392719056952,,,
27.117927940751542,42.52202125648364,,,
40.4583295977518,346.8092032538534,,,
32.848082486187195,215.2714162554057,,,
33.09411125183033,323.83252800835544,,,
39.96853103637659,45.48969240749648,,,
52.37813786098013,94.30951963152256,,,
44.79554928050311,48.64380645751953,,,
33.89602576361722,40.194750203267176,,,
49.27305708991298,50.99745777675162,,,
57.527495525568156,58.81536739213152,,,
30.91174358326134,41.68142546547824,,,
795.9305000305176,332.95606511161895,,,
40.215110085227934,45.38535547738138,,,
42.2157506942749,48.88399946390746,,,
43.68738132052931,33.88157874659555,,,
39.58496923570601,41.988743264335426,,,
107.91524346669576,29.756126750598924,,,
41.872000558036234,765.9357774907894,,,
114.33332909478122,234.27355775378965,,,
35.721976018214264,44.71140917382945,,,
32.029713262907535,40.43547421969015,,,
115.83546447753906,51.411916097005815,,,
55.28056734258462,39.72556006207196,,,
50.00168526305424,55.031777931966644,,,
36.79046228953848,23.831166223832042,,,
47.77062784830741,23.703201039632404,,,
47.37785263061596,51.6418462811107,,,
50.18764917055705,26.762614991930604,,,
42.99980850219799,1997.1987703763534,,,
36.08682527152814,443.24741312662627,,,
40.63679428100477,38.78800224418774,,,
39.494443498211695,34.34563183254795,,,
280.2825224134649,62.964700317383176,,,
59.080909729003906,43.07773903740781,,,
39.74236345291138,191.5739531622985,,,
35.93966139279837,40.88888888888869,,,
42.80832947625095,61.49073969523124,,,
45.64281902313269,41.560577392578125,,,
38.69817975193837,38.95285315727779,,,
142.3791992187489,43.79723380593714,,,
278.1493903795872,50.99384470904624,,,
568.2266627417666,31.519516226207998,,,
35.2779492696136,51.84808985392192,,,
51.38181998513028,64.88024612337358,,,
35.479521978468256,42.18914013817084,,,
151.41574668884277,36.62019950341164,,,
29.068643308151877,327.34458795294086,,,
64.86362584432027,116.57495062691851,,,
37.758941650390625,22.547831924823186,,,
220.85329310099223,44.378003098712725,,,
46.95919901530033,38.75379471318411,,,
38.244976117061015,47.39398972095296,,,
44.21526412671483,183.47866801985947,,,
33.24824873606303,36.419220183903235,,,
27.235086822509402,209.45001714369755,,,
106.8706657214043,29.504466951810173,,,
896.2188330104218,100.3086200290254,,,
39.532525264854485,41.531958262125045,,,
34.41889465877102,369.84599291483573,,,
42.375855551825225,47.05317065590316,,,
147.24120130211668,42.10879262288472,,,
32.55016909588812,1002.4230022328429,,,
80.31837463378906,38.54300239758595,,,
35.744749118446634,29.644222787710532,,,
55.931596919468575,43.50801717318063,,,
35.60463884141791,38.21210822080866,,,
70.07733340793129,39.02817911237253,,,
32.3441535754082,165.4692794201419,,,
56.634751764931934,46.649201133033785,,,
32.175537944975076,47.235069312302585,,,
31.469399860927297,82.19458421071431,,,
48.256106298109444,29.274281910487844,,,
26.999143641702176,152.1868793964386,,,
69.58419321963811,36.360895677045846,,,
31.05281511942485,33.55590139116612,,,
44.76457050868521,619.651852607727,,,
108.91714123317252,37.89024533146949,,,
36.04745930453828,41.47406438191865,,,
42.973428645278545,63.85974651950164,,,
31.112654517679402,32.649996757507324,,,
1136.3038864135742,43.06501159282743,,,
44.2407512240934,41.07393784956548,,,
44.8006100124785,33.67394032914672,,,
47.31145763397217,990.0545271220963,,,
38.06536560058521,31.5517604443412,,,
103.56476811000357,32.599419650869095,,,
34.92102686564067,134.69860294887076,,,
36.33233942449988,2171.1401877630324,,,
41.61708525665563,38.483111443458256,,,
37.10570195515902,38.71560766431867,,,
32.223275111271505,43.335247937371605,,,
380.1884697654041,32.633278207980766,,,
37.82308412086968,2100.3116735284984,,,
33.493211513190545,70.20592542505074,,,
48.38160122142108,176.38375502366216,,,
54.14047368367392,53.59830328134376,,,
47.59315698188766,110.72817100411339,,,
87.51247699444139,37.330384474535094,,,
257.2583611228256,32.32458655039409,,,
36.174286612487776,109.86864624023474,,,
74.38745307922363,40.988257569151756,,,
45.22874746322668,33.51630654527071,,,
38.32727154818531,60.16799841986722,,,
45.15438553492277,38.89521408081055,,,
39.33914566040039,34.51894645690845,,,
42.070733410972025,28.204267589862866,,,
73.44832626978496,69.79200349181156,,,
39.14925696633145,45.560635258820184,,,
35.42252600313441,49.937540052274926,,,
46.178033215659525,74.89458344403465,,,
21.183001354487715,43.25625483194926,,,
185.618390083313,42.12593746185303,,,
43.00630265935615,28.11679064166674,,,
21.240368080139888,57.58285631452236,,,
48.303329679700255,85.69552381687936,,,
44.955359377343484,35.95097192541289,,,
40.998230055265594,39.71858876546139,,,
37.23519935607874,107.25592746659277,,,
39.4660832831396,30.94764733314514,,,
34.64654023356161,422.38346929135514,,,
53.68108964399835,97.85266780853271,,,
29.742154048039083,46.75854519930908,,,
33.280184745788574,44.41186936696431,,,
38.647879627016664,30.22603702545166,,,
33.99873657226635,32.52275408231253,,,
38.741024981045484,60.91410441955122,,,
40.12395604451558,48.38608480164294,,,
28.10732271382949,38.80041249592978,,,
49.04059886932373,56.66112306383002,,,
35.083715375265456,32.06508445739746,,,
35.98447383533858,34.794952392578125,,,
25.25722040594519,35.38782863127926,,,
1277.070457146183,51.87199933188276,,,
191.40534865254267,35.78390146891252,,,
51.04728687831448,252.33799723575066,,,
264.31344985961914,48.69007001604405,,,
264.30390627630914,46.26766408284493,,,
0.0,41.66755252414259,,,
43.289944131034645,42.78919660128122,,,
54.646130455865205,117.17919871012236,,,
37.77080357291379,93.06506293859093,,,
30.627662117474756,53.4841365814209,,,
42.637486384464864,595.3798263951358,,,
53.491990089416504,72.09563646316565,,,
55.734233909182876,38.91118912469756,,,
35.004354572296506,39.6494408259332,,,
51.95581237991246,25.506886180388392,,,
29.174900768643056,372.32786549159573,,,
55.04888025919536,175.0799643198643,,,
35.79857861387973,58.56777528127168,,,
30.444795357108887,52.3043057825671,,,
890.554413477581,30.322241799873154,,,
28.24842371622617,29.705179211350696,,,
57.442087809246004,72.6395282188605,,,
65.50166702270508,48.47136530800526,,,
197.49139878409187,37.400484561920166,,,
38.44290820035167,39.32766567196268,,,
20.70434238658163,48.91676348731744,,,
76.34584871927837,71.1271427699503,,,
27.130028216042774,33.34614290509853,,,
45.46974849700928,40.769143604096826,,,
48.415748596191406,140.2616609746765,,,
36.395171513631794,44.98995865715915,,,
36.60324690076959,133.23065948486328,,,
66.57532819112203,55.999085763405674,,,
35.46472098610684,42.10328703986306,,,
36.44029839833638,52.192197212805695,,,
49.495747611636034,399.5557150407276,,,
46.40106989542619,43.50802830287466,,,
30.49946034749337,30.200618953331286,,,
178.14503761390552,39.92971415759348,,,
107.60106015205383,17.735058367694364,,,
1032.1644427708216,46.45532438490045,,,
48.94314504009344,56.460823440551394,,,
44.31481473873828,58.69099540710522,,,
44.03294935680606,47.26805333961602,,,
32.57493051401616,46.194872561369266,,,
41.89209814071728,34.953637787790285,,,
24.67277433975869,81.83543833096883,,,
29.12173449198417,38.16100638253374,,,
34.486953965681096,200.42747707367016,,,
36.0209706624355,38.8083119392395,,,
775.9332230396758,120.79542172749825,,,
1750.1431235305408,57.81501305621532,,,
35.04167250622049,22.883416004062383,,,
41.02844387552068,32.50294494628906,,,
37.254431406656295,38.23408713707613,,,
39.66266852780973,33.4617824261004,,,
31.893959903894938,44.643590109688375,,,
52.39582541393247,89.05613984002048,,,
57.7359972867107,36.824761436098925,,,
441.48582776387593,39.48814670839056,,,
31.332369374706104,88.34527615634033,,,
35.619613767503324,60.78564040355195,,,
36.15382461547779,36.61832504272388,,,
50.05425077326072,39.45108375549353,,,
42.37285096304731,37.74221505059177,,,
40.56682786207966,58.789129697359385,,,
46.6552371070502,85.51710349505083,,,
51.98316701253316,35.838668187459916,,,
156.8528544438359,256.51565986265996,,,
35.0974149009071,834.3637625235096,,,
32.058426574036275,82.9853332519524,,,
50.74514113354235,76.26117616541342,,,
42.57256133739793,48.88785305601232,,,
45.47457418441809,46.95599492390829,,,
131.87331063406782,38.722671932644516,,,
28.837754108333684,79.88616492531582,,,
35.68141725328314,22.43110794793938,,,
31.992503696017593,67.71225076733754,,,
42.5317242940273,572.7305558522548,,,
39.52852401733435,45.702183000968944,,,
45.88377993447466,36.37199926376343,,,
26.23553667068518,37.15340596979331,,,
38.776148388433285,47.87285450526724,,,
203.12814235687256,44.60499906539917,,,
67.16866487445259,1237.0732990264896,,,
50.75206138974136,36.20187818087106,,,
28.62749882289245,32.08264027913356,,,
32.41180260976216,35.353277741614875,,,
30.829893814890966,47.329994201660156,,,
33.974059186663,126.5043762207024,,,
37.9798304239921,35.15317121233238,,,
81.64138815137994,118.72590217590368,,,
34.90379707629836,46.98529341561516,,,
43.39481735229492,29.757550048827397,,,
71.00330238342212,45.987172634570015,,,
74.84969002859907,54.489064280192906,,,
39.917153888278335,39.367764282225835,,,
28.08383672956552,43.14273628821684,,,
35.94669638931555,41.49999920904156,,,
38.693031139846426,37.88219757079969,,,
29.799434407552326,34.033806755429396,,,
37.982739312308695,50.07692972035147,,,
42.32031003634074,34.50652413368152,,,
30.03723177993379,35.59660876591988,,,
36.93219714694533,30.378755422738323,,,
36.58684291839563,38.8887817634004,,,
30.372499465942383,34.87439287625784,,,
42.987174057816446,39.254663211964726,,,
413.93861535879296,38.93029937744177,,,
48.087999025980025,65.96951874819752,,,
48.946498076120406,22.437621851850054,,,
28.479182156648676,29.754349147911853,,,
35.57793942619719,163.3607940673828,,,
41.794765199932954,215.08642892276475,,,
30.188222067696188,38.40726394653393,,,
38.36266501329192,20.59051390976856,,,
51.60522925482837,41.68129114004296,,,
39.83434961356397,42.30048370361328,,,
1496.784946017795,56.58207986293564,,,
66.42879714965784,31.78356769855054,,,
36.856503023418554,35.03846386500845,,,
354.82212089769746,47.941051695081114,,,
38.52315484909741,29.8995981777407,,,
77.06128872142108,31.9859710693363,,,
62.52250409126282,71.33957140373604,,,
60.53733934674892,50.455403137206304,,,
105.7462377660413,283.65727057823824,,,
50.492335001627,63.01695728449158,,,
32.57071480384184,43.76466088545931,,,
30.45107160295811,33.785531997680664,,,
224.00615105262114,44.19137477874756,,,
28.39388162949581,52.90968441963196,,,
42.72394561767578,51.42173574752087,,,
448.70273488362545,30.073734521824008,,,
42.718713079180816,39.1232834941693,,,
35.36357716151724,373.9985826280372,,,
31.583852608999223,35.212573793200136,,,
131.63743876704393,131.14299774169922,,,
61.866191500710556,151.357331593832,,,
42.998082619447814,42.48186459384124,,,
43.62327689342783,36.69849904378316,,,
31.85382868448869,34.750662859747536,,,
326.47918549274436,34.10641867801314,,,
65.34808821775187,1009.2163569710465,,,
36.49826512171785,39.24531715745616,,,
108.87923910167046,1002.4369608952438,,,
35.0535550798686,37.05822788585283,,,
29.13831802524146,44.65664800008199,,,
38.555485495837274,39.298824899846295,,,
36.94547897836492,1025.4609516317196,,,
45.08255928441031,35.208867009481764,,,
36.88828092632866,53.49194537076073,,,
686.6922953679004,38.228315989175826,,,
61.70766499837373,33.23718463218938,,,
37.55235881139015,34.925984834369956,,,
43.86725997924805,33.54453074992125,,,
32.34549674987829,55.96907397678842,,,
1268.4755242665615,41.666093190511674,,,
48.23156140645369,48.246273863549504,,,
32.03900658743623,183.38022009531778,,,
59.54359664916956,29.809787477764985,,,
51.99306366993915,35.017507251939605,,,
30.977998097738237,43.24861526489258,,,
32.85805198473827,394.15537452697754,,,
39.79272520387167,48.30907233556172,,,
60.726909195167536,60.74003303108293,,,
39.079003906250364,460.13958401150194,,,
31.21493911743164,32.53159036391844,,,
562.4880015055332,38.971427372523976,,,
108.11228557933464,33.46963297526054,,,
42.92427934919033,85.90561305454685,,,
40.45151557922327,47.45249938964844,,,
80.84696731567419,269.67350419362447,,,
41.38766799815312,33.18531507604348,,,
57.964471621324265,55.928889570564934,,,
34.29339312822776,41.081728617349654,,,
46.0387019863374,91.77526922878678,,,
38.11250162124634,64.88483273135353,,,
24.691507357785667,79.09259986877441,,,
42.41050309401362,40.552602222987844,,,
283.1597452603128,293.54975872684736,,,
24.20443270499345,406.96682675679585,,,
46.1265124729689,77.27032948009946,,,
35.15043652852364,46.60125863770554,,,
36.76022080315488,1196.9618334318457,,,
149.19818089803084,42.4924651028814,,,
35.129416571722686,33.38244346458487,,,
66.81385494413917,32.93354753985113,,,
50.379995981853426,35.10863047443854,,,
36.156943427191436,33.53655716578214,,,
32.28873106721221,35.70503124671268,,,
46.22638638814169,106.164796052155,,,
31.48133899003915,35.54346389770399,,,
34.268250365357744,92.33299713134693,,,
21.228858853475685,61.82319717407154,,,
35.34242359177915,36.68267038518752,,,
93.24590673010425,38.03418246182446,,,
57.23266235987285,47.45749918619913,,,
40.46721157497814,35.35892591899574,,,
120.03953095978432,76.659159909761,,,
36.73332754770854,38.10284896123994,,,
668.1318177964968,37.74717232159128,,,
39.67354138692281,32.41883703378517,,,
38.420099592209226,59.71710395812988,,,
38.17497838714553,43.88916524251181,,,
1130.5329996744786,54.51035435994527,,,
44.56182823929157,39.74009235509948,,,
159.6389116272876,32.33400965671899,,,
33.19856313069613,37.955050659180415,,,
51.78294948231087,78.99394318551822,,,
50.89185333251953,82.1647462035744,,,
227.54862153795148,46.72447628974987,,,
37.92391586303711,444.1858215332031,,,
78.76452503507062,50.66420048305008,,,
34.45354071202564,36.99813864887619,,,
36.09900530279265,35.264270088890044,,,
34.304943148294115,72.26465564303908,,,
104.46901754348983,45.76842811372626,,,
65.18116759575787,68.9278119255523,,,
31.287221688489808,34.806953504486955,,,
482.05901194142825,34.11498843922345,,,
33.88240135907836,54.876028951008266,,,
50.10159683227539,39.23785727364702,,,
32.56261533101497,34.60882052253328,,,
34.329313528200146,54.32687505086324,,,
555.9327603980855,899.4115606609139,,,
26.337858940572914,42.312084891578706,,,
35.313831816938546,301.3441882663301,,,
124.88761738368521,87.21126022338831,,,
39.176194980222135,46.92749620984432,,,
39.83111233181444,34.95256104102373,,,
48.519274971702544,51.5410190582279,,,
35.64568519592285,47.51187442597802,,,
37.62671642881469,38.152108092408525,,,
601.8062419977668,159.64480527242085,,,
49.4155510796445,35.0496940612793,,,
56.6985009057189,369.21848087684884,,,
47.766703605651855,36.54499893188404,,,
39.906710381308585,45.97095077756785,,,
31.671857251061738,32.92341661977298,,,
36.014759136380235,38.140027887680844,,,
31.979464122227,41.06154573880667,,,
31.98564681114476,50.067632947650054,,,
849.0787696838379,74.09370634290826,,,
37.78933830274946,39.63037654331674,,,
100.89595810090759,46.49125146865845,,,
33.7512647416861,39.18705361230059,,,
29.42778442845156,37.335999745557274,,,
35.8309431356538,92.21816398983901,,,
34.72245603289048,40.52394421563986,,,
41.481062571207076,38.71725778018663,,,
739.2537549336757,55.809103393554324,,,
37.59359766642228,36.73666307270287,,,
43.11406465010259,74.91750112056616,,,
40.0,39.86105786837106,,,
43.135646624443325,39.09791705470707,,,
35.14987160413875,211.32207361857036,,,
100.30273378545644,38.40444140964064,,,
52.094951383151056,36.19745666261588,,,
34.68261259973406,103.59322362627427,,,
28.340380051557077,51.508667060919834,,,
42.45707070707067,33.16649889945984,,,
45.32970127306544,39.897918065389604,,,
33.03398671630748,41.9059513637003,,,
36.420579546975205,41.15538929530703,,,
49.70415846506694,87.57878777919541,,,
207.77476387023853,31.090524745044604,,,
278.2999985523711,39.84827993373801,,,
39.24296816021888,36.24320958455428,,,
33.40307905552436,38.991943755327156,,,
116.20888846811613,42.24181063969991,,,
35.424551691327,1825.4290237426758,,,
117.416072235108,1254.440066528321,,,
830.9149207090722,47.98258796105074,,,
54.219200515748526,29.880547550746996,,,
41.61000633239746,34.32825711009173,,,
57.49811987625981,84.99048042297363,,,
295.91820175438625,56.252021390628215,,,
42.66236010464672,45.55678176879883,,,
259.5508586338583,33.20400921503642,,,
31.204373237842447,39.0420850444043,,,
51.95691898890982,32.133809725442916,,,
1078.261687043425,49.73109588623083,,,
27.15201457204057,33.574284417289164,,,
39.89483621618274,52.5265481736933,,,
54.22529716491772,80.73093485832214,,,
56.00853289090628,43.3702304724502,,,
71.27033042907715,,,,
33.923774355935166,,,,
329.2202289465713,,,,
59.54037819656696,,,,
38.15373898367761,,,,
39.58724784851074,,,,
50.69211733168413,,,,
38.57433726570889,,,,
48.07160034179651,,,,
29.883953230528277,,,,
325.0280570983887,,,,
32.60984413964252,,,,
976.9018306732178,,,,
373.6378936767578,,,,
33.27362636674843,,,,
112.9095756530769,,,,
48.58572918435857,,,,
567.2886951330947,,,,
32.383403551011725,,,,
32.10507687655445,,,,
34.83229659760218,,,,
32.63559272005659,,,,
29.472720675998062,,,,
45.73310623168982,,,,
35.5340870751279,,,,
44.96693496704029,,,,
33.16106440226213,,,,
44.86108561924448,,,,
83.84028527396003,,,,
32.95324417251322,,,,
77.80407147407459,,,,
36.39192097003615,,,,
52.231065622965616,,,,
35.33346600299046,,,,
30.589167277019442,,,,
36.4210751673545,,,,
34.0091534462299,,,,
16.62083533400073,,,,
42.369788487752885,,,,
31.867928822835893,,,,
227.7293407373254,,,,
31.283748372396076,,,,
35.78083419799805,,,,
36.22789572691363,,,,
339.45801441609365,,,,
42.85047607421802,,,,
36.358330535887944,,,,
168.8030596415192,,,,
50.8104133605957,,,,
96.01745501431651,,,,
33.530844155842715,,,,
48.15619383917874,,,,
45.319860367548245,,,,
42.59553031921314,,,,
34.470745114313104,,,,
41.131414974437575,,,,
38.89493268330989,,,,
31.788941737582718,,,,
24.781840490917602,,,,
38.790467325845384,,,,
22.660235909854237,,,,
37.98061300005247,,,,
37.04801010131814,,,,
37.65879201364987,,,,
41.15879745483471,,,,
59.348334206475556,,,,
30.236024584088227,,,,
38.233298864119206,,,,
37.86108926054658,,,,
50.11669485909624,,,,
32.41088293919529,,,,
1362.9054896595717,,,,
32.99524252755327,,,,
45.2679943593248,,,,
49.185967548075496,,,,
57.02510604858435,,,,
28.27298049926685,,,,
56.104449552647566,,,,
29.822399569780828,,,,
33.411459405082496,,,,
35.24060884823848,,,,
44.35000316913283,,,,
33.18406016031804,,,,
102.27116975427452,,,,
403.4887512207024,,,,
40.51150249905004,,,,
30.5252183108405,,,,
40.95658868153987,,,,
433.70369357154414,,,,
45.89012474483934,,,,
426.5797189885925,,,,
242.13716506958008,,,,
31.212361568161214,,,,
31.721177974668535,,,,
94.79884490966833,,,,
51.37399864196777,,,,
44.409000502691924,,,,
31.20984968297671,,,,
31.198190550561776,,,,
554.3915297190342,,,,
38.25564569290145,,,,
39.85808563232422,,,,
49.82816696166992,,,,
23.971246846516806,,,,
29.240056392123734,,,,
42.11716105143205,,,,
50.948674734538145,,,,
43.29728851318396,,,,
33.3704068936222,,,,
552.4939551459411,,,,
89.37556626246442,,,,
47.59246826171875,,,,
28.938569532123438,,,,
1654.2668033327373,,,,
46.73871739705464,,,,
33.43022070990628,,,,
44.77625483154952,,,,
112.07912111609767,,,,
110.19292195638081,,,,
462.2425926505748,,,,
37.167330741882324,,,,
42.60285591434513,,,,
26.895304785834014,,,,
44.47805873325888,,,,
69.45433198012324,,,,
222.60338772044452,,,,
42.45099843661046,,,,
38.342750835417974,,,,
27.002069454001685,,,,
38.510642187935446,,,,
54.37283429232593,,,,
49.13518018889954,,,,
57.28853352864644,,,,
67.33576151529815,,,,
32.59085791513826,,,,
49.43960108075771,,,,
34.51089210510327,,,,
29.79570804942705,,,,
68.6767220435213,,,,
38.92940799168173,,,,
115.88800133599216,,,,
34.414345455170405,,,,
39.38311228070961,,,,
46.673996925354004,,,,
48.98749889027022,,,,
38.02124693128644,,,,
38.00350087483639,,,,
55.16304446023605,,,,
37.51939754486011,,,,
32.95866012573242,,,,
44.47062158584595,,,,
560.8087799153873,,,,
35.39543955876434,,,,
32.0620740419854,,,,
51.872896067301554,,,,
45.096189722129566,,,,
32.38349797990668,,,,
32.88088617826725,,,,
36.638427734375,,,,
47.55594400259179,,,,
256.5711005074645,,,,
31.420534515380496,,,,
66.96751362193754,,,,
36.5095321068402,,,,
44.91590223125422,,,,
455.4300732121319,,,,
41.11759785243521,,,,
50.03199867580224,,,,
64.03352695041212,,,,
36.58506596883126,,,,
36.28794723415922,,,,
32.37333388555635,,,,
29.279067993164062,,,,
958.735521770659,,,,
43.65077224530614,,,,
48.66499964396098,,,,
30.836600657870804,,,,
42.52196209247268,,,,
70.86080017089807,,,,
32.45158522469683,,,,
60.09759627998574,,,,
49.46057586669849,,,,
74.49516741434672,,,,
40.13045789278476,,,,
41.81817572457476,,,,
40.92237528554142,,,,
34.220308085850775,,,,
36.835244115194655,,,,
33.35296569952334,,,,
36.269915476888855,,,,
25.850547954014473,,,,
54.48079910278284,,,,
47.81082534790039,,,,
41.818285260882476,,,,
48.20343208312988,,,,
30.132138214612496,,,,
39.532282961332385,,,,
37.61179331577296,,,,
43.56359776088175,,,,
34.64129732800757,,,,
38.51675433372657,,,,
34.01520132940459,,,,
45.895513807025054,,,,
48.21900355021171,,,,
32.26110280373359,,,,
40.159230876706715,,,,
165.4887257893879,,,,
47.123044331869096,,,,
32.632242488860356,,,,
49.28149604797363,,,,
34.896257237025566,,,,
32.267998456954956,,,,
40.592367010149246,,,,
40.14630437103551,,,,
40.20199489593506,,,,
38.538392450054744,,,,
39.775407791137695,,,,
44.62171173095703,,,,
32.1929988861084,,,,
39.92825084262404,,,,
30.365215413856276,,,,
44.571229165059776,,,,
84.2883460216035,,,,
151.55442085586765,,,,
54.204314740500195,,,,
56.391193721605305,,,,
46.54035636054141,,,,
36.28694347060082,,,,
16.836853708246053,,,,
48.11882141658316,,,,
40.022793579100835,,,,
57.6278315457439,,,,
39.7541651195952,,,,
57.06349817911905,,,,
222.7772818019257,,,,
24.151420708858495,,,,
44.443639883780634,,,,
52.91657603870772,,,,
38.42531178792342,,,,
44.6437471707668,,,,
35.442589351108836,,,,
166.3804778870217,,,,
34.69770336151123,,,,
297.6923044840496,,,,
48.52255052838882,,,,
111.88106435139889,,,,
43.47096737948414,,,,
35.40915965232671,,,,
41.02247879531387,,,,
54.909308878581214,,,,
31.741275999280333,,,,
139.8075864691491,,,,
43.84791358312032,,,,
42.90294694900513,,,,
58.86641025543213,,,,
38.931435658381815,,,,
37.50905299716578,,,,
45.28351983091852,,,,
34.6844980035512,,,,
35.39733187357524,,,,
36.98072714336922,,,,
103.3595022474019,,,,
34.21600064364429,,,,
38.19989261627234,,,,
35.595141547068124,,,,
106.55165990193746,,,,
40.225650787353516,,,,
35.158305717235635,,,,
46.300849111456046,,,,
33.054801368713015,,,,
38.243749999999636,,,,
39.41703568628327,,,,
44.059446109869896,,,,
36.16895330519765,,,,
821.6979424612855,,,,
41.3494658152249,,,,
25.530998706817627,,,,
67.58519770304338,,,,
468.1442854745055,,,,
35.48206526812464,,,,
199.0434118713565,,,,
34.96866531372143,,,,
33.61511483130562,,,,
33.21013849431802,,,,
230.94562530517578,,,,
156.13171778592186,,,,
51.300830417209,,,,
52.09094848632776,,,,
36.08031236735769,,,,
30.863779465176776,,,,
30.418461139384817,,,,
43.98821108681841,,,,
36.334701601663255,,,,
157.96724550016552,,,,
36.49665610573538,,,,
47.85534101543999,,,,
53.87541961669922,,,,
41.56081602980339,,,,
38.37448286631843,,,,
63.5054531574242,,,,
33.05039441687404,,,,
1113.7605873107914,,,,
120.00068397522045,,,,
42.24432577950574,,,,
35.106697326131325,,,,
42.73979584783592,,,,
40.711936102972686,,,,
67.74432881673238,,,,
708.2186762865858,,,,
43.244716675324526,,,,
43.599498987197876,,,,
107.51029411764648,,,,
40.5484472745502,,,,
32.99124679565466,,,,
35.987102932400376,,,,
40.79652786254883,,,,
72.45697040557934,,,,
36.946301354302705,,,,
257.87867887092216,,,,
50.52134652571294,,,,
41.400210740832335,,,,
46.55160872515626,,,,
39.05775842212461,,,,
88.90761983962147,,,,
43.48026351928638,,,,
28.206670851934177,,,,
49.26389674845814,,,,
36.75688318105858,,,,
56.234580145941436,,,,
37.132846069336665,,,,
52.37722807664068,,,,
32.56395582719233,,,,
37.12361185478585,,,,
33.272800833969086,,,,
50.55474942690307,,,,
74.52322904028188,,,,
37.26933301289864,,,,
35.538199022081244,,,,
43.913077734567196,,,,
1564.7953712675298,,,,
38.11644327073009,,,,
40.64371201486392,,,,
26.366906252775152,,,,
267.44070975335126,,,,
31.812431653341264,,,,
60.81451180968725,,,,
38.16899093473694,,,,
28.46172036065036,,,,
51.69338650173631,,,,
44.495536586216986,,,,
87.94203366731381,,,,
42.41765528234828,,,,
32.822150660496845,,,,
32.12300332387349,,,,
44.24267864227295,,,,
40.108019227247496,,,,
89.95749711990356,,,,
15.122206279209422,,,,
39.48644941281054,,,,
36.690277735391646,,,,
48.16361736353065,,,,
38.48042069819894,,,,
31.177780999078095,,,,
60.87882535419885,,,,
126.17347826276455,,,,
45.59335436139736,,,,
34.79802944785661,,,,
67.63621054755458,,,,
49.48698405730465,,,,
44.222845840453374,,,,
34.72547211577876,,,,
47.10447141859186,,,,
32.30969336094131,,,,
40.248413848876226,,,,
37.108876063126445,,,,
37.153846153845734,,,,
36.80026470601297,,,,
36.17493286132776,,,,
32.948540687561035,,,,
56.062950744628324,,,,
48.46963384719129,,,,
38.40538133893642,,,,
35.375656773494484,,,,
41.71146682663857,,,,
42.31292928059884,,,,
117.24200000762903,,,,
69.14476932178877,,,,
74.7083239078529,,,,
42.375668020809826,,,,
42.942132965858036,,,,
45.303954760232955,,,,
36.95262540124713,,,,
40.10986684163436,,,,
33.31324648857117,,,,
31.335108682176724,,,,
103.68915286593983,,,,
116.63493728637695,,,,
36.699807548522585,,,,
48.05619030906928,,,,
45.81553395589253,,,,
141.20865201193192,,,,
28.81473832971824,,,,
44.44559275309257,,,,
41.51539062731172,,,,
52.57291682561299,,,,
919.4449963569641,,,,
36.59448852539026,,,,
31.383049858939557,,,,
895.2866208394371,,,,
113.71655476888009,,,,
34.008716310774616,,,,
248.54937619296106,,,,
206.48041454114355,,,,
37.70087671279907,,,,
40.78135511610162,,,,
37.572455300225556,,,,
41.82707642063906,,,,
160.33090518219433,,,,
44.74635862692776,,,,
32.27433370615108,,,,
477.09544985901994,,,,
43.87028585161352,,,,
34.82241630554199,,,,
33.06577258639845,,,,
42.129374980926514,,,,
540.7401561108272,,,,
92.40808878381176,,,,
37.57818267676339,,,,
31.497053400675213,,,,
39.95155448913647,,,,
32.06736780141728,,,,
36.283023834228516,,,,
30.059522566640226,,,,
46.559580956694845,,,,
27.65341403667844,,,,
108.56851989572715,,,,
89.93576026685332,,,,
37.9568657875061,,,,
37.7613022804253,,,,
26.095553901670428,,,,
50.551200648716986,,,,
35.507203615628896,,,,
45.21573308308871,,,,
34.624125513824765,,,,
47.152261352539426,,,,
45.58333333333394,,,,
30.78662331898886,,,,
31.875838502171973,,,,
39.897500610351926,,,,
42.52659440651951,,,,
38.0226269228624,,,,
42.261402765909224,,,,
1862.9171560216837,,,,
43.44808985392228,,,,
37.07747999559979,,,,
179.1997025576493,,,,
30.88880004882776,,,,
30.765821552276975,,,,
51.47908863268458,,,,
42.047958349532564,,,,
31.815071966710093,,,,
33.321907408993866,,,,
33.265752272172904,,,,
55.12308120727539,,,,
36.73125707535655,,,,
31.17798802924881,,,,
38.30113901410732,,,,
718.3627060262916,,,,
73.50865376426009,,,,
50.99054509943198,,,,
36.44618237813302,,,,
34.978710254999896,,,,
50.33608436584473,,,,
47.948780772450846,,,,
40.47306850140012,,,,
27.774018409923883,,,,
31.92098416780209,,,,
33.71199658711885,,,,
29.971552954779327,,,,
118.31249115725768,,,,
43.49436747233085,,,,
36.78502228680736,,,,
43.82862186431885,,,,
48.83015489578247,,,,
37.44702784220317,,,,
44.94856071472168,,,,
38.124340278605814,,,,
45.83425532749607,,,,
50.442632943490025,,,,
40.657197570801145,,,,
36.497945022583735,,,,
36.25874564382684,,,,
28.58039249163994,,,,
44.3913121345704,,,,
77.5439920425415,,,,
32.23428462800439,,,,
25.291664600372314,,,,
42.014821437365754,,,,
35.984449152003435,,,,
49.66625080108679,,,,
398.53075990222715,,,,
48.54813893636128,,,,
39.02511088053507,,,,
40.58605458186139,,,,
36.51310290712172,,,,
